Brand,Title,Vendor,Handle,Product URL,Price,Available,Image URL (Lookskart CDN),Local Image Path,Product ID
18.21 Man Made,18.21 Man Made Original Sweet Tobacco Man Made Wash 532ml,18.21 Man,18-21-man-made-original-sweet-tobacco-man-made-wash-532ml,https://lookskart.com/products/18-21-man-made-original-sweet-tobacco-man-made-wash-532ml,3500.00,Yes,https://cdn.shopify.com/s/files/1/0624/7618/9904/products/looks_0002_Sweettobbacowash575ml.jpg?v=1671191984,/images/products/lookskart/all/18-21-man-made/18-21-man-made-original-sweet-tobacco-man-made-wash-532ml.jpg,7838769250512
18.21 Man Made,18.21 Man Made Original Sweet Tobacco Man Made Wash 950ml,18.21 Man,18-21-man-made-original-sweet-tobacco-man-made-wash-950ml,https://lookskart.com/products/18-21-man-made-original-sweet-tobacco-man-made-wash-950ml,4950.00,Yes,https://cdn.shopify.com/s/files/1/0624/7618/9904/files/Wash_SweetTobacco_32oz-ThickPour_600x_8b5a8b79-0308-4fd2-a1c3-5c02df4bbfad.webp?v=1739089858,/images/products/lookskart/all/18-21-man-made/18-21-man-made-original-sweet-tobacco-man-made-wash-950ml.webp,7838769512656
18.21 Man Made,18.21 Man Made Spiced Vanilla Glide Shave Lotion 177ml,18.21 Man,18-21-man-made-spiced-vanilla-glide-shave-lotion-177ml,https://lookskart.com/products/18-21-man-made-spiced-vanilla-glide-shave-lotion-177ml,3500.00,Yes,https://cdn.shopify.com/s/files/1/0624/7618/9904/products/looks_0052_Glide-Shave-Lotion-1821-Manmade.jpg?v=1671432214,/images/products/lookskart/all/18-21-man-made/18-21-man-made-spiced-vanilla-glide-shave-lotion-177ml.jpg,7838770036944
18.21 Man Made,18.21 Man Made Spiced Vanilla Man Made Wash 950ml,18.21 Man,18-21-man-made-spiced-vanilla-man-made-wash-950ml,https://lookskart.com/products/18-21-man-made-spiced-vanilla-man-made-wash-950ml,4950.00,Yes,https://cdn.shopify.com/s/files/1/0624/7618/9904/files/NEWLABEL_SpicedVanilla_32_600x_5f4df754-1919-45d2-bed5-27615ef8df22.webp?v=1739089969,/images/products/lookskart/all/18-21-man-made/18-21-man-made-spiced-vanilla-man-made-wash-950ml.webp,7838769905872
18.21 Man Made,18.21 Man Made Sweet Tobacco Clay,18.21 Man,18-21-man-made-sweet-tobacco-clay,https://lookskart.com/products/18-21-man-made-sweet-tobacco-clay,2450.00,Yes,https://cdn.shopify.com/s/files/1/0624/7618/9904/files/Clayv3.webp?v=1764409452,/images/products/lookskart/all/18-21-man-made/18-21-man-made-sweet-tobacco-clay.webp,7838765809872
18.21 Man Made,18.21 Man Made Sweet Tobacco Paste,18.21 Man,18-21-man-made-sweet-tobacco-paste,https://lookskart.com/products/18-21-man-made-sweet-tobacco-paste,3000.00,Yes,https://cdn.shopify.com/s/files/1/0624/7618/9904/products/looks_0019_paste.jpg?v=1671194827,/images/products/lookskart/all/18-21-man-made/18-21-man-made-sweet-tobacco-paste.jpg,7838767349968
18.21 Man Made,18.21 Man Made Sweet Tobacco Pomade,18.21 Man,18-21-man-made-sweet-tobacco-pomade,https://lookskart.com/products/18-21-man-made-sweet-tobacco-pomade,3000.00,Yes,https://cdn.shopify.com/s/files/1/0624/7618/9904/files/PomadeV2_600x_f3343553-3a34-46c7-832f-ec09b729fa5e.webp?v=1739089606,/images/products/lookskart/all/18-21-man-made/18-21-man-made-sweet-tobacco-pomade.webp,7838768562384
18.21 Man Made,18.21 Man Made Sweet Tobacco Premium Hairspray,18.21 Man,18-21-man-made-sweet-tobacco-premium-hairspray,https://lookskart.com/products/18-21-man-made-sweet-tobacco-premium-hairspray,3500.00,Yes,https://cdn.shopify.com/s/files/1/0624/7618/9904/products/looks_0047_hairspray.jpg?v=1671431537,/images/products/lookskart/all/18-21-man-made/18-21-man-made-sweet-tobacco-premium-hairspray.jpg,7838768824528
18.21 Man Made,18.21 Man Made Sweet Tobacco Wax,18.21 Man,18-21-man-made-sweet-tobacco-wax,https://lookskart.com/products/18-21-man-made-sweet-tobacco-wax,2450.00,Yes,https://cdn.shopify.com/s/files/1/0624/7618/9904/products/looks_0000_wax.jpg?v=1671191453,/images/products/lookskart/all/18-21-man-made/18-21-man-made-sweet-tobacco-wax.jpg,7838768660688
Biotop,Biotop 02 Eco Dandruff Shampoo 250ml,Biotop,biotop-02-eco-dandruff-shampoo-330ml,https://lookskart.com/products/biotop-02-eco-dandruff-shampoo-330ml,2003.00,Yes,https://cdn.shopify.com/s/files/1/0624/7618/9904/products/looks-images-3_0092_11-min.jpg?v=1672149000,/images/products/lookskart/all/biotop/biotop-02-eco-dandruff-shampoo-330ml.jpg,7831203578064
Biotop,Biotop 19 Pro Silver Shampoo 250ml,Biotop,biotop-19-pro-silver-shampoo-330ml,https://lookskart.com/products/biotop-19-pro-silver-shampoo-330ml,2070.00,Yes,https://cdn.shopify.com/s/files/1/0624/7618/9904/products/looks-images-3_0089_13-min.jpg?v=1672147841,/images/products/lookskart/all/biotop/biotop-19-pro-silver-shampoo-330ml.jpg,7831204495568
Biotop,Biotop 20 Volumizing Boost Shampoo 330ml,Biotop,biotop-20-volumizing-boost-shampoo-330ml,https://lookskart.com/products/biotop-20-volumizing-boost-shampoo-330ml,2250.00,Yes,https://cdn.shopify.com/s/files/1/0624/7618/9904/products/looks-images-3_0085_15-min.jpg?v=1672147238,/images/products/lookskart/all/biotop/biotop-20-volumizing-boost-shampoo-330ml.jpg,7831204987088
Biotop,Biotop 700 Keratin + Kale Hair Conditioner 500 ml,Biotop,biotop-700-keratin-kale-hair-conditioner-500-ml,https://lookskart.com/products/biotop-700-keratin-kale-hair-conditioner-500-ml,2483.00,No,https://cdn.shopify.com/s/files/1/0624/7618/9904/files/biotop-professional-700-keratin-and-kale-hair-conditioner-250ml.webp?v=1743597180,/images/products/lookskart/all/biotop/biotop-700-keratin-kale-hair-conditioner-500-ml.webp,8278430089424
Biotop,Biotop 700 Keratin + Kale Hair Mask - 250ml,Biotop,biotop-700-keratin-and-kale-hair-mask-250ml,https://lookskart.com/products/biotop-700-keratin-and-kale-hair-mask-250ml,2790.00,Yes,https://cdn.shopify.com/s/files/1/0624/7618/9904/files/biotop-professional-700-keratin-and-kale-hair-mask-250ml.webp?v=1743596348,/images/products/lookskart/all/biotop/biotop-700-keratin-and-kale-hair-mask-250ml.webp,8278409412816
Biotop,Biotop 700 Keratin + Kale Hair Serum 65ml,Biotop,biotop-700-keratin-and-kale-hair-serum-65ml-250ml,https://lookskart.com/products/biotop-700-keratin-and-kale-hair-serum-65ml-250ml,3600.00,Yes,https://cdn.shopify.com/s/files/1/0624/7618/9904/files/Biotop700Keratin_KaleHairSerum65ml-250ml.jpg?v=1749708440,/images/products/lookskart/all/biotop/biotop-700-keratin-and-kale-hair-serum-65ml-250ml.jpg,8278445686992
Biotop,"Biotop 700 Keratin + Kale Hair Shampoo 500 ml | Calming Chamomile|Paraben, SLS & Sulfate free|For Damaged, Coarse or Chemically Treated Hair",Biotop,biotop-700-keratin-kale-shampoo-250ml-calming-chamomile-paraben-sls-sulfate-free-for-damaged-coarse-or-chemically-treated-hair-1,https://lookskart.com/products/biotop-700-keratin-kale-shampoo-250ml-calming-chamomile-paraben-sls-sulfate-free-for-damaged-coarse-or-chemically-treated-hair-1,2483.00,No,https://cdn.shopify.com/s/files/1/0624/7618/9904/files/700-Keratin_Kale-Shampoo-500ml.webp?v=1749707903,/images/products/lookskart/all/biotop/biotop-700-keratin-kale-shampoo-250ml-calming-chamomile-paraben-sls-sulfate-free-for-damaged-coarse-or-chemically-treated-hair-1.webp,8278393127120
Biotop,Biotop 700 Keratin + Kale Hair Styling Cream 120ml 0ml,Biotop,biotop-700-keratin-and-kale-styling-cream-120ml-0ml,https://lookskart.com/products/biotop-700-keratin-and-kale-styling-cream-120ml-0ml,3150.00,Yes,https://cdn.shopify.com/s/files/1/0624/7618/9904/files/shopping.webp?v=1743596566,/images/products/lookskart/all/biotop/biotop-700-keratin-and-kale-styling-cream-120ml-0ml.webp,8278415900880
Biotop,Biotop 911 Quinoa Conditioner 250ml,Biotop,biotop-911-quinoa-conditioner-330ml,https://lookskart.com/products/biotop-911-quinoa-conditioner-330ml,2250.00,Yes,https://cdn.shopify.com/s/files/1/0624/7618/9904/products/11.jpg?v=1672231336,/images/products/lookskart/all/biotop/biotop-911-quinoa-conditioner-330ml.jpg,7831209083088
Biotop,Biotop 911 Quinoa Conditioner 500ml,Biotop,biotop-911-quinoa-conditioner-500ml,https://lookskart.com/products/biotop-911-quinoa-conditioner-500ml,2790.00,No,https://cdn.shopify.com/s/files/1/0624/7618/9904/files/U8797XRmQX-1145500_1.webp?v=1743589903,/images/products/lookskart/all/biotop/biotop-911-quinoa-conditioner-500ml.webp,8278225453264
Biotop,Biotop 911 Quinoa Hair Mask 250ml,Biotop,biotop-911-quinoa-hair-mask-350ml,https://lookskart.com/products/biotop-911-quinoa-hair-mask-350ml,2790.00,Yes,https://cdn.shopify.com/s/files/1/0624/7618/9904/files/21OQQRoNAvL._SX300_SY300_QL70_FMwebp.webp?v=1743588896,/images/products/lookskart/all/biotop/biotop-911-quinoa-hair-mask-350ml.webp,7831209869520
Biotop,Biotop 911 Quinoa Hydrating Serum 65ml,Biotop,biotop-911-quinoa-oil-serum-330ml,https://lookskart.com/products/biotop-911-quinoa-oil-serum-330ml,3600.00,Yes,https://cdn.shopify.com/s/files/1/0624/7618/9904/files/Biotop-2-BP_911-Quinoa-Serum-65ml_2023_fl712o.jpg?v=1743589147,/images/products/lookskart/all/biotop/biotop-911-quinoa-oil-serum-330ml.jpg,7831210066128
Biotop,Biotop 911 Quinoa Kit Apple Cider Vinegar Foaming Rinse Combo 170+70ml,Looks Kart,biotop-911-quinoa-kit-apple-cider-vinegar-foaming-rinse-combo-170-70ml,https://lookskart.com/products/biotop-911-quinoa-kit-apple-cider-vinegar-foaming-rinse-combo-170-70ml,3150.00,Yes,https://cdn.shopify.com/s/files/1/0624/7618/9904/files/KIT-ACV-768x768.webp?v=1775299279,/images/products/lookskart/all/biotop/biotop-911-quinoa-kit-apple-cider-vinegar-foaming-rinse-combo-170-70ml.webp,8444778479824
Biotop,Biotop 911 Quinoa Shampoo 250ml,Biotop,biotop-911-quinoa-shampoo-330ml,https://lookskart.com/products/biotop-911-quinoa-shampoo-330ml,2070.00,Yes,https://cdn.shopify.com/s/files/1/0624/7618/9904/products/looks-images-3_0108_-2-min.jpg?v=1672149696,/images/products/lookskart/all/biotop/biotop-911-quinoa-shampoo-330ml.jpg,7831210426576
Biotop,Biotop 911 Quinoa Shampoo 500ml,Biotop,biotop-911-quinoa-shampoo-500ml,https://lookskart.com/products/biotop-911-quinoa-shampoo-500ml,2790.00,No,https://cdn.shopify.com/s/files/1/0624/7618/9904/files/Biotop_911_Quinoa_Shampoo_500ml.png?v=1749709124,/images/products/lookskart/all/biotop/biotop-911-quinoa-shampoo-500ml.png,8278216769744
Brasil Cacau,Brasil Cacau Cadiveu Acai Oil Treatment 110ml,Brasil Cacau,brasil-cacau-cadiveu-acai-oil-treatment-110ml,https://lookskart.com/products/brasil-cacau-cadiveu-acai-oil-treatment-110ml,2804.00,Yes,https://cdn.shopify.com/s/files/1/0624/7618/9904/files/acaioil110.avif?v=1761742884,/images/products/lookskart/all/brasil-cacau/brasil-cacau-cadiveu-acai-oil-treatment-110ml.jpg,8387527016656
Brasil Cacau,Brasil Cacau Cadiveu Acai Oil Treatment 60ml,Brasil Cacau,brasil-cacau-acai-oil-treatment-60ml,https://lookskart.com/products/brasil-cacau-acai-oil-treatment-60ml,2003.00,Yes,https://cdn.shopify.com/s/files/1/0624/7618/9904/products/looks_0151_02Acai.jpg?v=1671190559,/images/products/lookskart/all/brasil-cacau/brasil-cacau-acai-oil-treatment-60ml.jpg,7831166386384
Brasil Cacau,Brasil Cacau Cadiveu Anti Frizz Contiioner 300ml,Brasil Cacau,brasil-cacau-cadiveu-anti-frizz-contiioner-300ml,https://lookskart.com/products/brasil-cacau-cadiveu-anti-frizz-contiioner-300ml,1850.00,Yes,https://cdn.shopify.com/s/files/1/0624/7618/9904/files/condi.a4rHhIrcIa-958080-3.avif?v=1761743409,/images/products/lookskart/all/brasil-cacau/brasil-cacau-cadiveu-anti-frizz-contiioner-300ml.jpg,8387534880976
Brasil Cacau,Brasil Cacau Cadiveu Anti Frizz Shampoo 300ml,Brasil Cacau,brasil-cacau-anti-frizz-shampoo-300ml,https://lookskart.com/products/brasil-cacau-anti-frizz-shampoo-300ml,1558.00,Yes,https://cdn.shopify.com/s/files/1/0624/7618/9904/products/looks_0133_06antifrizzshampoo.jpg?v=1671188773,/images/products/lookskart/all/brasil-cacau/brasil-cacau-anti-frizz-shampoo-300ml.jpg,7831166976208
Brasil Cacau,Brasil Cacau Cadiveu Extreme Repair Conditioner For Damaged Hair ( 300ML),Brasil Cacau,brasil-cacau-extreme-repair-conditioner-for-damaged-hair-300ml,https://lookskart.com/products/brasil-cacau-extreme-repair-conditioner-for-damaged-hair-300ml,1850.00,Yes,https://cdn.shopify.com/s/files/1/0624/7618/9904/products/looks_0144_03brasil-cacau-extreme-condit.jpg?v=1671189673,/images/products/lookskart/all/brasil-cacau/brasil-cacau-extreme-repair-conditioner-for-damaged-hair-300ml.jpg,7831168549072
Brasil Cacau,Brasil Cacau Cadiveu Extreme Repair Hair Mask 200ml,Brasil Cacau,brasil-cacau-extreme-repair-hair-mask-200ml,https://lookskart.com/products/brasil-cacau-extreme-repair-hair-mask-200ml,1600.00,Yes,https://cdn.shopify.com/s/files/1/0624/7618/9904/products/looks_0159_01brasil-cacau-extreme-repair-mask.jpg?v=1671191317,/images/products/lookskart/all/brasil-cacau/brasil-cacau-extreme-repair-hair-mask-200ml.jpg,7831170187472
Brasil Cacau,Brasil Cacau Cadiveu Extreme Repair Shampoo For Damaged Hair ( 300ML),Brasil Cacau,brasil-cacau-extreme-repair-shampoo-for-damaged-hair-300ml,https://lookskart.com/products/brasil-cacau-extreme-repair-shampoo-for-damaged-hair-300ml,1646.00,Yes,https://cdn.shopify.com/s/files/1/0624/7618/9904/products/looks_0140_04brasil-cacau-extreme-shampoo.jpg?v=1671189654,/images/products/lookskart/all/brasil-cacau/brasil-cacau-extreme-repair-shampoo-for-damaged-hair-300ml.jpg,7831170744528
Brasil Cacau,Brazil Cacau Anti Frizz Conditioner (300 ml),Brasil Cacau,brazil-cacau-anti-frizz-conditioner-300-ml,https://lookskart.com/products/brazil-cacau-anti-frizz-conditioner-300-ml,1750.00,Yes,https://cdn.shopify.com/s/files/1/0624/7618/9904/products/looks_0136_05AntiFrizzCondi.jpg?v=1671188938,/images/products/lookskart/all/brasil-cacau/brazil-cacau-anti-frizz-conditioner-300-ml.jpg,7831170810064
K18,K-18 leave-in molecular repair hair mask 50ml,K-18,k-18-leave-in-molecular-repair-hair-mask-50ml,https://lookskart.com/products/k-18-leave-in-molecular-repair-hair-mask-50ml,5625.00,Yes,https://cdn.shopify.com/s/files/1/0624/7618/9904/products/looks_0045_Layer29.jpg?v=1671431390,/images/products/lookskart/all/k18/k-18-leave-in-molecular-repair-hair-mask-50ml.jpg,7838770495696
K18,K-18 leave-in molecular repair hair mask 5ml,K-18,k-18-leave-in-molecular-repair-hair-mask-5ml,https://lookskart.com/products/k-18-leave-in-molecular-repair-hair-mask-5ml,1080.00,Yes,https://cdn.shopify.com/s/files/1/0624/7618/9904/products/looks_0044_0047.jpg?v=1671429996,/images/products/lookskart/all/k18/k-18-leave-in-molecular-repair-hair-mask-5ml.jpg,7838770659536
Kerastase,"Biotop 700 Keratin + Kale Hair Shampoo 500 ml | Calming Chamomile|Paraben, SLS & Sulfate free|For Damaged, Coarse or Chemically Treated Hair",Biotop,biotop-700-keratin-kale-shampoo-250ml-calming-chamomile-paraben-sls-sulfate-free-for-damaged-coarse-or-chemically-treated-hair-1,https://lookskart.com/products/biotop-700-keratin-kale-shampoo-250ml-calming-chamomile-paraben-sls-sulfate-free-for-damaged-coarse-or-chemically-treated-hair-1,2483.00,No,https://cdn.shopify.com/s/files/1/0624/7618/9904/files/700-Keratin_Kale-Shampoo-500ml.webp?v=1749707903,/images/products/lookskart/all/kerastase/biotop-700-keratin-kale-shampoo-250ml-calming-chamomile-paraben-sls-sulfate-free-for-damaged-coarse-or-chemically-treated-hair-1.webp,8278393127120
Kerastase,Fresh Affair Dry Shampoo,kerastase,fresh-affair-dry-shampoo,https://lookskart.com/products/fresh-affair-dry-shampoo,2759.00,Yes,https://cdn.shopify.com/s/files/1/0624/7618/9904/files/KER_00053_1.webp?v=1727178045,/images/products/lookskart/all/kerastase/fresh-affair-dry-shampoo.webp,8163458646224
Kerastase,Genesis Défense Thermique Blow Dry Primer 150 ml,kerastase,kerastase-genesis-dia©fense-thermique-blow-dry-primer-150ml,https://lookskart.com/products/kerastase-genesis-dia©fense-thermique-blow-dry-primer-150ml,3000.00,Yes,https://cdn.shopify.com/s/files/1/0624/7618/9904/products/looks-images-4_0046_10KGNFL150_2ea74d24-6060-44b1-82e8-3a1f6df1e2bb.jpg?v=1684827174,/images/products/lookskart/all/kerastase/kerastase-genesis-dia©fense-thermique-blow-dry-primer-150ml.jpg,7903579570384
Kerastase,Genesis Défense Thermique Blow Dry Primer 150ml,lookskart-India,kerastase-genesis-di©fense-thermique-blow-dry-primer-150ml,https://lookskart.com/products/kerastase-genesis-di©fense-thermique-blow-dry-primer-150ml,3000.00,Yes,https://cdn.shopify.com/s/files/1/0624/7618/9904/products/looks-images-4_0046_10KGNFL150.jpg?v=1672140074,/images/products/lookskart/all/kerastase/kerastase-genesis-di©fense-thermique-blow-dry-primer-150ml.jpg,7833461489872
Kerastase,Genesis Fondant Renforçateur Conditioner 200ml,kerastase,kerastase-genesis-fondant-renfori-ateur-conditioner-200ml,https://lookskart.com/products/kerastase-genesis-fondant-renfori-ateur-conditioner-200ml,3400.00,Yes,https://cdn.shopify.com/s/files/1/0624/7618/9904/products/looks-images-4_0047_9KGNFO200.jpg?v=1672140033,/images/products/lookskart/all/kerastase/kerastase-genesis-fondant-renfori-ateur-conditioner-200ml.jpg,7833460277456
Kerastase,Genesis Homme Anti-Hair Fall Fortifying Serum For Men 90ML,kerastase,genesis-homme-anti-hair-fall-fortifying-serum-for-men-90ml,https://lookskart.com/products/genesis-homme-anti-hair-fall-fortifying-serum-for-men-90ml,5300.00,Yes,https://cdn.shopify.com/s/files/1/0624/7618/9904/files/KER_00178_serum_packshot_image_90ml_2.jpg?v=1781092588,/images/products/lookskart/all/kerastase/genesis-homme-anti-hair-fall-fortifying-serum-for-men-90ml.jpg,8462107607248
Kerastase,Genesis Homme Anti-Hair Fall Purifying Shampoo For Men 250ML,kerastase,genesis-homme-anti-hair-fall-purifying-shampoo-for-men-250ml,https://lookskart.com/products/genesis-homme-anti-hair-fall-purifying-shampoo-for-men-250ml,2900.00,Yes,https://cdn.shopify.com/s/files/1/0624/7618/9904/files/AKER_00175_shampoo_packshot_image_250ml_1.webp?v=1781091741,/images/products/lookskart/all/kerastase/genesis-homme-anti-hair-fall-purifying-shampoo-for-men-250ml.webp,8462106919120
Kerastase,Genesis Homme Anti-Hair Fall Thickening Clay 75ML,kerastase,genesis-homme-anti-hair-fall-thickening-clay-75ml,https://lookskart.com/products/genesis-homme-anti-hair-fall-thickening-clay-75ml,3100.00,Yes,https://cdn.shopify.com/s/files/1/0624/7618/9904/files/KER_00177_wax_packshot_image_75ml_1_8a0e7deb-68f1-46dc-90c0-766db3c9c897.webp?v=1781092310,/images/products/lookskart/all/kerastase/genesis-homme-anti-hair-fall-thickening-clay-75ml.webp,8462107214032
Kerastase,Genesis Homme Anti-Hair Fall Thickening Shampoo For Men 250ML,kerastase,genesis-homme-anti-hair-fall-thickening-shampoo-for-men-250ml,https://lookskart.com/products/genesis-homme-anti-hair-fall-thickening-shampoo-for-men-250ml,2900.00,Yes,https://cdn.shopify.com/s/files/1/0624/7618/9904/files/KER_00174_shampoo_packshot_image_250ml_1.webp?v=1781091269,/images/products/lookskart/all/kerastase/genesis-homme-anti-hair-fall-thickening-shampoo-for-men-250ml.webp,8462105084112
Kerastase,Kerastase | Discipline |Bain Fluidealiste Gentle Shampoo (Sulphate-Free)250ml,kerastase,kerastase-discipline-bain-fluidealiste-gentle-shampoosulfate-free-250ml,https://lookskart.com/products/kerastase-discipline-bain-fluidealiste-gentle-shampoosulfate-free-250ml,2625.00,Yes,https://cdn.shopify.com/s/files/1/0624/7618/9904/files/Kerastase_Discipline_Bain_Fluidealiste_Gentle_Shampoo_Sulphate-Free_250ml.jpg?v=1765361427,/images/products/lookskart/all/kerastase/kerastase-discipline-bain-fluidealiste-gentle-shampoosulfate-free-250ml.jpg,7833466667216
Kerastase,Kerastase | Nutritive |Bain Satin Riche Shampoo|250ml Nourishing for dry to very dry hair,kerastase,kerastase-nutritive-bain-satin-shampoo-250ml-nourishing-for-dry-to-very-dry-hair,https://lookskart.com/products/kerastase-nutritive-bain-satin-shampoo-250ml-nourishing-for-dry-to-very-dry-hair,2625.00,Yes,https://cdn.shopify.com/s/files/1/0624/7618/9904/products/looks-images-4_0044_12KNRB2250.jpg?v=1672140168,/images/products/lookskart/all/kerastase/kerastase-nutritive-bain-satin-shampoo-250ml-nourishing-for-dry-to-very-dry-hair.jpg,7833463881936
Kerastase,Kerastase | Nutritive |Masquintense Riche Mask|200ml Highly nourishing mask,kerastase,kerastase-nutritive-masquintense-epais-mask-200ml-highly-nourishing-mask,https://lookskart.com/products/kerastase-nutritive-masquintense-epais-mask-200ml-highly-nourishing-mask,3850.00,Yes,https://cdn.shopify.com/s/files/1/0624/7618/9904/products/looks-images-4_0043_13KRNMF200.jpg?v=1672140195,/images/products/lookskart/all/kerastase/kerastase-nutritive-masquintense-epais-mask-200ml-highly-nourishing-mask.jpg,7833464766672
Kerastase,Kerastase | Nutritive |Nectar Thermique Blow Dry Primer|150ml,kerastase,kerastase-nutritive-nectar-thermique-blow-dry-primer-150ml,https://lookskart.com/products/kerastase-nutritive-nectar-thermique-blow-dry-primer-150ml,2800.00,No,https://cdn.shopify.com/s/files/1/0624/7618/9904/files/k_nut_nectar_thermique_2048x2048_540x_9032ef89-cc16-44c3-98a2-810d31179b51.webp?v=1750155049,/images/products/lookskart/all/kerastase/kerastase-nutritive-nectar-thermique-blow-dry-primer-150ml.webp,7833465946320
Kerastase,Kerastase | Nutritive| 8H Magic Night Serum|90ml Moisturising overnight hair leave,kerastase,kerastase-nutritive-8h-magic-night-serum-90ml-moisturising-overnight-hair-leave,https://lookskart.com/products/kerastase-nutritive-8h-magic-night-serum-90ml-moisturising-overnight-hair-leave,4000.00,Yes,https://cdn.shopify.com/s/files/1/0624/7618/9904/files/Kerastase_Nutritive_8H_Magic_Night_Serum90ml_Moisturising_overnight_hair_leave.jpg?v=1749808056,/images/products/lookskart/all/kerastase/kerastase-nutritive-8h-magic-night-serum-90ml-moisturising-overnight-hair-leave.jpg,7833462866128
Kerastase,Kerastase |Curl| Bain Hydratation Douceur|250ml Gentle hydrating creamy shampoo,kerastase,kerastase-curl-bain-hydratation-douceur-250ml-gentle-hydrating-creamy-shampoo,https://lookskart.com/products/kerastase-curl-bain-hydratation-douceur-250ml-gentle-hydrating-creamy-shampoo,2625.00,Yes,https://cdn.shopify.com/s/files/1/0624/7618/9904/products/looks-images-4_0055_1KCMBA250-00.jpg?v=1672137536,/images/products/lookskart/all/kerastase/kerastase-curl-bain-hydratation-douceur-250ml-gentle-hydrating-creamy-shampoo.jpg,7833451102416
Kerastase,Kerastase |Curl| Cream De Jour Fondamentale|150ml,kerastase,kerastase-curl-cream-de-jour-fondamentale-150ml,https://lookskart.com/products/kerastase-curl-cream-de-jour-fondamentale-150ml,2800.00,Yes,https://cdn.shopify.com/s/files/1/0624/7618/9904/files/KER_00102_Curl_Manifesto_Cream_texture_new_720x_ecf338aa-bb0e-4e7c-b470-459a25216806.webp?v=1764410195,/images/products/lookskart/all/kerastase/kerastase-curl-cream-de-jour-fondamentale-150ml.webp,7833453232336
Kerastase,Kerastase |Curl| GelÌ©e Curl Contour|150ml Daily moisturizing,lookskart-India,kerastase-curl-geli©e-curl-contour-150ml-daily-moisturizing,https://lookskart.com/products/kerastase-curl-geli©e-curl-contour-150ml-daily-moisturizing,2600.00,Yes,https://cdn.shopify.com/s/files/1/0624/7618/9904/products/looks-images-4_0052_4KCMGC150-00.jpg?v=1672139888,/images/products/lookskart/all/kerastase/kerastase-curl-geli©e-curl-contour-150ml-daily-moisturizing.jpg,7833454477520
Kerastase,Kerastase |Curl| Masque Beurre Haute Nutrition|200ml Extra-rich nourishing mask,kerastase,kerastase-curl-masque-beurre-haute-nutrition-200ml-extra-rich-nourishing-mask,https://lookskart.com/products/kerastase-curl-masque-beurre-haute-nutrition-200ml-extra-rich-nourishing-mask,3850.00,Yes,https://cdn.shopify.com/s/files/1/0624/7618/9904/products/looks-images-4_0054_2KCMMA200-00.jpg?v=1672139821,/images/products/lookskart/all/kerastase/kerastase-curl-masque-beurre-haute-nutrition-200ml-extra-rich-nourishing-mask.jpg,7833452085456
Kerastase,Kerastase |Genesis| Bain Hydra-Fortifiant Shampoo|250ml,kerastase,kerastase-genesis-bain-hydra-fortifiant-shampoo-250ml,https://lookskart.com/products/kerastase-genesis-bain-hydra-fortifiant-shampoo-250ml,2625.00,Yes,https://cdn.shopify.com/s/files/1/0624/7618/9904/products/looks-images-4_0050_6KGNBA250.jpg?v=1672127546,/images/products/lookskart/all/kerastase/kerastase-genesis-bain-hydra-fortifiant-shampoo-250ml.jpg,7833456771280
Kerastase,Kerastase |Genesis| Bain Nutri-Fortifiant Shampoo|250ml,kerastase,kerastase-genesis-bain-nutri-fortifiant-shampoo-250ml,https://lookskart.com/products/kerastase-genesis-bain-nutri-fortifiant-shampoo-250ml,2625.00,Yes,https://cdn.shopify.com/s/files/1/0624/7618/9904/products/looks-images-4_0049_7KGNBR250.jpg?v=1672139932,/images/products/lookskart/all/kerastase/kerastase-genesis-bain-nutri-fortifiant-shampoo-250ml.jpg,7833458049232
Kerastase,Kerastase |Genesis| Masque Reconstituant Mask|200ml Anti hair-fall intense,kerastase,kerastase-genesis-masque-reconstituant-mask-200ml-anti-hair-fall-intense,https://lookskart.com/products/kerastase-genesis-masque-reconstituant-mask-200ml-anti-hair-fall-intense,3750.00,Yes,https://cdn.shopify.com/s/files/1/0624/7618/9904/files/Kerastase_Genesis_Masque_Reconstituant_Mask_m200ml_Anti_hair-fall_intense.webp?v=1750143349,/images/products/lookskart/all/kerastase/kerastase-genesis-masque-reconstituant-mask-200ml-anti-hair-fall-intense.webp,7833458737360
Kerastase,Kerastase |Genesis| Serum Anti-Chute Fortifiant Treatment|90ml,kerastase,kerastase-genesis-serum-anti-chute-fortifiant-treatment-90ml,https://lookskart.com/products/kerastase-genesis-serum-anti-chute-fortifiant-treatment-90ml,5100.00,Yes,https://cdn.shopify.com/s/files/1/0624/7618/9904/products/looks-images-4_0051_5KGNCU090.jpg?v=1672126447,/images/products/lookskart/all/kerastase/kerastase-genesis-serum-anti-chute-fortifiant-treatment-90ml.jpg,7833455788240
Kerastase,Kerastase Bain Chroma Respect 250ml,kerastase,kerastase-bain-chroma-respect-250ml,https://lookskart.com/products/kerastase-bain-chroma-respect-250ml,2625.00,Yes,https://cdn.shopify.com/s/files/1/0624/7618/9904/files/Bainchroma-absolurespect-250ml.webp?v=1683031856,/images/products/lookskart/all/kerastase/kerastase-bain-chroma-respect-250ml.webp,7891615875280
Kerastase,Kerastase Bain Riche Chroma Respect 250ml,kerastase,kerastase-bain-riche-chroma-respect-250ml,https://lookskart.com/products/kerastase-bain-riche-chroma-respect-250ml,2625.00,Yes,https://cdn.shopify.com/s/files/1/0624/7618/9904/files/bain-riche-sans-sulfate--250ml.webp?v=1749797137,/images/products/lookskart/all/kerastase/kerastase-bain-riche-chroma-respect-250ml.webp,7891612827856
Kerastase,Kerastase Blond Bain Ultra-Violet Shampoo 250ml Purple shampoo,kerastase,kerastase-blond-bain-ultra-violet-shampoo-250ml-purple-shampoo,https://lookskart.com/products/kerastase-blond-bain-ultra-violet-shampoo-250ml-purple-shampoo,2900.00,Yes,https://cdn.shopify.com/s/files/1/0624/7618/9904/products/40.jpg?v=1672234270,/images/products/lookskart/all/kerastase/kerastase-blond-bain-ultra-violet-shampoo-250ml-purple-shampoo.jpg,7833534824656
Kerastase,Kerastase Blond Cicaflash Conditioner 250ml,kerastase,kerastase-blond-cicaflash-conditioner-250ml-healing-conditioner-for-sensitised,https://lookskart.com/products/kerastase-blond-cicaflash-conditioner-250ml-healing-conditioner-for-sensitised,3500.00,Yes,https://cdn.shopify.com/s/files/1/0624/7618/9904/products/looks-images-2_0019_56.jpg?v=1672040512,/images/products/lookskart/all/kerastase/kerastase-blond-cicaflash-conditioner-250ml-healing-conditioner-for-sensitised.jpg,7833536069840
Kerastase,Kerastase Chroma Absolu Hair Oil-In-Serum 75ML-Refill,kerastase,kerastase-chroma-absolu-lhuile-chroma-eclat-hair-oil-refill-75ml,https://lookskart.com/products/kerastase-chroma-absolu-lhuile-chroma-eclat-hair-oil-refill-75ml,4500.00,Yes,https://cdn.shopify.com/s/files/1/0624/7618/9904/files/KER_00323_75ml_refill_Packshot_Image1.webp?v=1744784742,/images/products/lookskart/all/kerastase/kerastase-chroma-absolu-lhuile-chroma-eclat-hair-oil-refill-75ml.webp,8295302332624
Kerastase,Kerastase Chroma Absolu Hair Oil-In-Serum 75ML-Refillable,kerastase,chroma-absolu-hair-oil-in-serum-75ml-refillable,https://lookskart.com/products/chroma-absolu-hair-oil-in-serum-75ml-refillable,5900.00,Yes,https://cdn.shopify.com/s/files/1/0624/7618/9904/files/KER_00323_75ml_Packshot_Image1.webp?v=1744783707,/images/products/lookskart/all/kerastase/chroma-absolu-hair-oil-in-serum-75ml-refillable.webp,8295301644496
Kerastase,"Kerastase Chroma Bain Respect 500ml Refill Shampoo for Damaged or Damaged and Coloured Hair, Nourishing Hair Bath",kerastase,kerastase-shampoo-for-damaged-or-damaged-and-coloured-hair-nourishing-hair-bath-bain-riche-chroma-500ml-refill,https://lookskart.com/products/kerastase-shampoo-for-damaged-or-damaged-and-coloured-hair-nourishing-hair-bath-bain-riche-chroma-500ml-refill,4005.00,Yes,https://cdn.shopify.com/s/files/1/0624/7618/9904/files/KER_00117_Refill_Packshot_Image1_720x_e8f03d8c-6edf-4b81-928d-22d2d15ca787.webp?v=1744786820,/images/products/lookskart/all/kerastase/kerastase-shampoo-for-damaged-or-damaged-and-coloured-hair-nourishing-hair-bath-bain-riche-chroma-500ml-refill.webp,8295303807184
Kerastase,"Kerastase Chroma Bain Respect 500ml Shampoo for Damaged or Damaged and Coloured Hair, Nourishing Hair Bath,",kerastase,kerastase-shampoo-for-damaged-or-damaged-and-coloured-hair-nourishing-hair-bath-bain-riche-chroma-500ml,https://lookskart.com/products/kerastase-shampoo-for-damaged-or-damaged-and-coloured-hair-nourishing-hair-bath-bain-riche-chroma-500ml,4406.00,Yes,https://cdn.shopify.com/s/files/1/0624/7618/9904/files/shop-cb-05204-01-chroma-absolu-bain-riche-chroma-respect---500ml--1.jpg?v=1744786381,/images/products/lookskart/all/kerastase/kerastase-shampoo-for-damaged-or-damaged-and-coloured-hair-nourishing-hair-bath-bain-riche-chroma-500ml.jpg,8295303479504
Kerastase,Kerastase Chronologiste – Bain Regenerant Shampoo 250ml,kerastase,kerastase-chrono-bain-regenerant-shampoo-250ml-youth-revitalizing-shampoo,https://lookskart.com/products/kerastase-chrono-bain-regenerant-shampoo-250ml-youth-revitalizing-shampoo,3026.00,Yes,https://cdn.shopify.com/s/files/1/0624/7618/9904/products/41.jpg?v=1672234355,/images/products/lookskart/all/kerastase/kerastase-chrono-bain-regenerant-shampoo-250ml-youth-revitalizing-shampoo.jpg,7833531678928
Kerastase,Kerastase Chronologiste Masque Intense Régénérant Hair Mask 200ml,kerastase,kerastase-chrono-masque-intense-regenerant-hair-mask-200ml,https://lookskart.com/products/kerastase-chrono-masque-intense-regenerant-hair-mask-200ml,4600.00,Yes,https://cdn.shopify.com/s/files/1/0624/7618/9904/files/Kerastase_Chronologiste_Masque_Intense_Regenerant_Hair_Mask_200ml.webp?v=1749820576,/images/products/lookskart/all/kerastase/kerastase-chrono-masque-intense-regenerant-hair-mask-200ml.webp,7833532956880
Kerastase,Kerastase Curl Manifesto - Gelée Curl Contour Leave-in Gelee 150ml,kerastase,kerastase-curl-gelia©e-curl-contour-150ml-daily-moisturizing,https://lookskart.com/products/kerastase-curl-gelia©e-curl-contour-150ml-daily-moisturizing,2800.00,Yes,https://cdn.shopify.com/s/files/1/0624/7618/9904/products/looks-images-4_0052_4KCMGC150-00_f8107cc1-0cbe-4f1b-86c0-a22a3d496971.jpg?v=1684827163,/images/products/lookskart/all/kerastase/kerastase-curl-gelia©e-curl-contour-150ml-daily-moisturizing.jpg,7903579373776
Kerastase,Kerastase Densifique - Masque Densite 200ml,kerastase,kerastase-densifique-masque-densitia©-mask-200ml-bodifying-mask,https://lookskart.com/products/kerastase-densifique-masque-densitia©-mask-200ml-bodifying-mask,3750.00,Yes,https://cdn.shopify.com/s/files/1/0624/7618/9904/products/looks-images-2_0016_DENSIFIQUE-MASQUE_3d0b242b-1399-49df-939b-c703001bf7ff.jpg?v=1684827170,/images/products/lookskart/all/kerastase/kerastase-densifique-masque-densitia©-mask-200ml-bodifying-mask.jpg,7903579504848
Kerastase,Kerastase Densifique Bain Densite Homme Shampoo 250ml Bodifying shampoo,kerastase,kerastase-densifique-bain-densitia©-homme-shampoo-250ml-bodifying-shampoo,https://lookskart.com/products/kerastase-densifique-bain-densitia©-homme-shampoo-250ml-bodifying-shampoo,2900.00,Yes,https://cdn.shopify.com/s/files/1/0624/7618/9904/products/22_7750f67d-9d86-492c-a881-1658dc237bf3.jpg?v=1684827165,/images/products/lookskart/all/kerastase/kerastase-densifique-bain-densitia©-homme-shampoo-250ml-bodifying-shampoo.jpg,7903579406544
Kerastase,Kerastase Densifique Bain Densite Shampoo 250ml,kerastase,kerastase-densifique-bain-densitia©-shampoo-250ml-bodifying-shampoo,https://lookskart.com/products/kerastase-densifique-bain-densitia©-shampoo-250ml-bodifying-shampoo,2625.00,Yes,https://cdn.shopify.com/s/files/1/0624/7618/9904/products/23_6cdca165-0883-4614-a926-5c1566c17623.jpg?v=1684827167,/images/products/lookskart/all/kerastase/kerastase-densifique-bain-densitia©-shampoo-250ml-bodifying-shampoo.jpg,7903579472080
Kerastase,Kerastase Densifique Bain Densite Shampoo 250ml Bodifying shampoo,lookskart-India,kerastase-densifique-bain-densiti©-shampoo-250ml-bodifying-shampoo,https://lookskart.com/products/kerastase-densifique-bain-densiti©-shampoo-250ml-bodifying-shampoo,2625.00,Yes,https://cdn.shopify.com/s/files/1/0624/7618/9904/products/23.jpg?v=1672232675,/images/products/lookskart/all/kerastase/kerastase-densifique-bain-densiti©-shampoo-250ml-bodifying-shampoo.jpg,7833495404752
Kerastase,Kerastase Densifique Cure Densifique Homme Treatment 30*6ml Hair density,kerastase,kerastase-densifique-cure-densifique-homme-treatment-30-36ml-hair-density,https://lookskart.com/products/kerastase-densifique-cure-densifique-homme-treatment-30-36ml-hair-density,15200.00,No,https://cdn.shopify.com/s/files/1/0624/7618/9904/products/24.jpg?v=1672232769,/images/products/lookskart/all/kerastase/kerastase-densifique-cure-densifique-homme-treatment-30-36ml-hair-density.jpg,7833500549328
Kerastase,Kerastase Discipline Maskeratine Mask 200ml Smoothing mask for Frizzy Hair,kerastase,kerastase-discipline-maskeratine-mask-200ml-smoothing-mask-for-frizzy,https://lookskart.com/products/kerastase-discipline-maskeratine-mask-200ml-smoothing-mask-for-frizzy,3850.00,Yes,https://cdn.shopify.com/s/files/1/0624/7618/9904/products/looks-images-4_0039_17KDIMA200.jpg?v=1672140292,/images/products/lookskart/all/kerastase/kerastase-discipline-maskeratine-mask-200ml-smoothing-mask-for-frizzy.jpg,7833467617488
Kerastase,Kerastase Discipline Spray Fluidissime 150ml Hair smoothing anti-frizz spray,kerastase,kerastase-discipline-spray-fluidissime-150ml-hair-smoothing-anti-frizz-spray,https://lookskart.com/products/kerastase-discipline-spray-fluidissime-150ml-hair-smoothing-anti-frizz-spray,3200.00,Yes,https://cdn.shopify.com/s/files/1/0624/7618/9904/products/26.jpg?v=1672233050,/images/products/lookskart/all/kerastase/kerastase-discipline-spray-fluidissime-150ml-hair-smoothing-anti-frizz-spray.jpg,7833469878480
Kerastase,Kerastase Elixir Ultime Hair Oil-In-Serum (30ml),kerastase,kerastase-elixir-ultime-hair-oil-in-serum-30ml,https://lookskart.com/products/kerastase-elixir-ultime-hair-oil-in-serum-30ml,2700.00,Yes,https://cdn.shopify.com/s/files/1/0624/7618/9904/files/KER_00303_30ml_Packshot_Image.webp?v=1739088615,/images/products/lookskart/all/kerastase/kerastase-elixir-ultime-hair-oil-in-serum-30ml.webp,8249460130000
Kerastase,Kerastase Elixir Ultime Hair Oil-In-Serum Refill (75ml),kerastase,kerastase-elixir-ultime-hair-oil-in-serum-refill-75ml,https://lookskart.com/products/kerastase-elixir-ultime-hair-oil-in-serum-refill-75ml,4500.00,Yes,https://cdn.shopify.com/s/files/1/0624/7618/9904/files/kerastase-elixir-ultime-lhuile-originale-oil-refill-75-ml.jpg?v=1736759398,/images/products/lookskart/all/kerastase/kerastase-elixir-ultime-hair-oil-in-serum-refill-75ml.jpg,8243435700432
Kerastase,Kerastase Elixir Ultime Original Refillable Hair Oil 75ml,kerastase,kerastase-elixir-ultime-original-refillable-hair-oil-75ml,https://lookskart.com/products/kerastase-elixir-ultime-original-refillable-hair-oil-75ml,5900.00,Yes,https://cdn.shopify.com/s/files/1/0624/7618/9904/files/ElixirUltime1_b10a2319-a0c3-44a3-aa9e-001ff915988b_refillable.webp?v=1736759328,/images/products/lookskart/all/kerastase/kerastase-elixir-ultime-original-refillable-hair-oil-75ml.webp,8243433996496
Kerastase,Kerastase Genesis - Bain Hydra-Fortifiant Shampoo 500ml,kerastase,kerastase-genesis-bain-hydra-fortifiant-shampoo-500ml,https://lookskart.com/products/kerastase-genesis-bain-hydra-fortifiant-shampoo-500ml,4950.00,Yes,https://cdn.shopify.com/s/files/1/0624/7618/9904/files/bainhydrafortifiantgenesiskerastase-500ml_reflexions_unisex_salon_700x700_748e8b9b-7bea-43f5-91de-02dc8d82b94b.webp?v=1736760263,/images/products/lookskart/all/kerastase/kerastase-genesis-bain-hydra-fortifiant-shampoo-500ml.webp,8243736608976
Kerastase,Kerastase Genesis - Bain Hydra-Fortifiant Shampoo Refill 500ml,kerastase,kerastase-genesis-bain-hydra-fortifiant-shampoo-refill-500ml,https://lookskart.com/products/kerastase-genesis-bain-hydra-fortifiant-shampoo-refill-500ml,4500.00,Yes,https://cdn.shopify.com/s/files/1/0624/7618/9904/files/bainhydrafortifiantgenesiskerastase-refill-500ml_reflexions_unisex_salon_720x_5853764d-bfde-4af3-9dfe-c7e9b8c86650.webp?v=1749797283,/images/products/lookskart/all/kerastase/kerastase-genesis-bain-hydra-fortifiant-shampoo-refill-500ml.webp,8243735953616
Kerastase,Kerastase Gloss Absolu Anti-Frizz Foaming Conditioner 250ml,kerastase,kerastase-gloss-absolu-anti-frizz-foaming-conditioner-250ml,https://lookskart.com/products/kerastase-gloss-absolu-anti-frizz-foaming-conditioner-250ml,3400.00,Yes,https://cdn.shopify.com/s/files/1/0624/7618/9904/files/KER_00329_conditioner_packshot_image_250ml_1.webp?v=1752052397,/images/products/lookskart/all/kerastase/kerastase-gloss-absolu-anti-frizz-foaming-conditioner-250ml.webp,8330830381264
Kerastase,Kerastase Gloss Absolu Anti-Frizz Heat Protectant Spray 190ml,kerastase,kerastase-gloss-absolu-anti-frizz-heat-protectant-spray-190ml,https://lookskart.com/products/kerastase-gloss-absolu-anti-frizz-heat-protectant-spray-190ml,3000.00,Yes,https://cdn.shopify.com/s/files/1/0624/7618/9904/files/KER_00330_spray_packshot_image_190ml_1.webp?v=1752052306,/images/products/lookskart/all/kerastase/kerastase-gloss-absolu-anti-frizz-heat-protectant-spray-190ml.webp,8330831593680
Kerastase,Kerastase Gloss Absolu Anti-Frizz Shampoo 250ml,kerastase,kerastase-gloss-absolu-anti-frizz-shampoo-250ml,https://lookskart.com/products/kerastase-gloss-absolu-anti-frizz-shampoo-250ml,2625.00,Yes,https://cdn.shopify.com/s/files/1/0624/7618/9904/files/KER_00328_shampoo_packshot_image_250ml_1.webp?v=1752048590,/images/products/lookskart/all/kerastase/kerastase-gloss-absolu-anti-frizz-shampoo-250ml.webp,8330811310288
Kerastase,Kerastase Gloss Absolu Glaze Drops Oil-In-Serum 45ml,kerastase,kerastase-gloss-absolu-glaze-drops-oil-in-serum-45ml,https://lookskart.com/products/kerastase-gloss-absolu-glaze-drops-oil-in-serum-45ml,3800.00,Yes,https://cdn.shopify.com/s/files/1/0624/7618/9904/files/KER_00331_oil_packshot_image_45ml_1.webp?v=1752048127,/images/products/lookskart/all/kerastase/kerastase-gloss-absolu-glaze-drops-oil-in-serum-45ml.webp,8330805838032
Kerastase,Kerastase Masque Chroma Filler 200ml,kerastase,kerastase-masque-chroma-filler-200ml,https://lookskart.com/products/kerastase-masque-chroma-filler-200ml,3850.00,Yes,https://cdn.shopify.com/s/files/1/0624/7618/9904/files/KER_CHROMAABSOLU_2023_MASQUECHROMAFILLER_PACKSHOT_3474637059132.webp?v=1744789072,/images/products/lookskart/all/kerastase/kerastase-masque-chroma-filler-200ml.webp,7891619610832
Kerastase,Kerastase Première Anti-Breakage & Repairing Mask 200ml,kerastase,kerastase-premiere-anti-breakage-repairing-mask-200ml,https://lookskart.com/products/kerastase-premiere-anti-breakage-repairing-mask-200ml,4600.00,Yes,https://cdn.shopify.com/s/files/1/0624/7618/9904/files/kerastase-premiere-masque-filler-reparateur-200ml.webp?v=1739086951,/images/products/lookskart/all/kerastase/kerastase-premiere-anti-breakage-repairing-mask-200ml.webp,8165192433872
Kerastase,Kerastase Première Anti-Frizz Filler Serum 90ml,kerastase,premiere-anti-frizz-filler-serum-90ml,https://lookskart.com/products/premiere-anti-frizz-filler-serum-90ml,4600.00,Yes,https://cdn.shopify.com/s/files/1/0624/7618/9904/files/KER_00281-IMAGE1.webp?v=1727358404,/images/products/lookskart/all/kerastase/premiere-anti-frizz-filler-serum-90ml.webp,8165194957008
Kerastase,Kerastase Première Decalcifying & Repairing Concentrate 250ml,kerastase,kerastase-premiere-decalcifying-repairing-shampoo-250ml-1,https://lookskart.com/products/kerastase-premiere-decalcifying-repairing-shampoo-250ml-1,4600.00,Yes,https://cdn.shopify.com/s/files/1/0624/7618/9904/files/PREMIERE-PRE-SHAMPO-PerfectExecution3000w.webp?v=1727357910,/images/products/lookskart/all/kerastase/kerastase-premiere-decalcifying-repairing-shampoo-250ml-1.webp,8165194334416
Kerastase,Kerastase Première Decalcifying Repairing Shampoo 250ml,kerastase,kerastase-premiere-decalcifying-repairing-shampoo-250ml,https://lookskart.com/products/kerastase-premiere-decalcifying-repairing-shampoo-250ml,3026.00,Yes,https://cdn.shopify.com/s/files/1/0624/7618/9904/files/premiere-shampoo-perfect-execution-00278.webp?v=1727356096,/images/products/lookskart/all/kerastase/kerastase-premiere-decalcifying-repairing-shampoo-250ml.webp,8165191581904
Kerastase,Kerastase Resistance Bain Extentioniste 250ml Deep repairing,kerastase,kerastase-resistance-bain-therapiste-shampoo-250ml-deep-repairing,https://lookskart.com/products/kerastase-resistance-bain-therapiste-shampoo-250ml-deep-repairing,2625.00,Yes,https://cdn.shopify.com/s/files/1/0624/7618/9904/products/looks-images-4_0031_28KRSEX250.jpg?v=1672140841,/images/products/lookskart/all/kerastase/kerastase-resistance-bain-therapiste-shampoo-250ml-deep-repairing.jpg,7833487966416
Kerastase,Kerastase Specifique Bain Divalent Shampoo 250ml,kerastase,kerastase-specifique-bain-divalent-shampoo-250ml,https://lookskart.com/products/kerastase-specifique-bain-divalent-shampoo-250ml,2625.00,Yes,https://cdn.shopify.com/s/files/1/0624/7618/9904/products/34.jpg?v=1672233851,/images/products/lookskart/all/kerastase/kerastase-specifique-bain-divalent-shampoo-250ml.jpg,7833524994256
Kerastase,Kerastase Specifique Bain Prevention Shampoo 250ml,kerastase,kerastase-specifique-bain-prevention-shampoo-250ml-shampoo-for-prevention,https://lookskart.com/products/kerastase-specifique-bain-prevention-shampoo-250ml-shampoo-for-prevention,2625.00,Yes,https://cdn.shopify.com/s/files/1/0624/7618/9904/products/looks-images-2_0021_41-KSBPR250.jpg?v=1672040732,/images/products/lookskart/all/kerastase/kerastase-specifique-bain-prevention-shampoo-250ml-shampoo-for-prevention.jpg,7833502318800
Kerastase,Kerastase Specifique Bain Vital Dermo Calm Shampoo 250ml,kerastase,kerastase-specifique-bain-vital-dermo-calm-shampoo-250ml,https://lookskart.com/products/kerastase-specifique-bain-vital-dermo-calm-shampoo-250ml,2625.00,Yes,https://cdn.shopify.com/s/files/1/0624/7618/9904/products/37.jpg?v=1672234036,/images/products/lookskart/all/kerastase/kerastase-specifique-bain-vital-dermo-calm-shampoo-250ml.jpg,7833523323088
Kerastase,Kerastase Specifique Potentialiste Hair & Scalp Serum 90ml,kerastase,kerastase-specifique-potentialiste-hair-scalp-serum-90ml,https://lookskart.com/products/kerastase-specifique-potentialiste-hair-scalp-serum-90ml,5400.00,No,https://cdn.shopify.com/s/files/1/0624/7618/9904/files/ker_serum_potentialiste_3474636954704_alt1_26af9422-d88b-46f0-b504-ad81b0ca9bdc.webp?v=1746020241,/images/products/lookskart/all/kerastase/kerastase-specifique-potentialiste-hair-scalp-serum-90ml.webp,8299570233552
Kerastase,Kerastase Specifique Stimuliste Spray 125ml Nutri-energizing anti-hair loss,kerastase,kerastase-specifique-stimuliste-spray-125ml-nutri-energizing-anti-hair-loss-1,https://lookskart.com/products/kerastase-specifique-stimuliste-spray-125ml-nutri-energizing-anti-hair-loss-1,4700.00,Yes,https://cdn.shopify.com/s/files/1/0624/7618/9904/files/Kerastase_Specifique_Stimuliste_Spray_125ml_Nutri-energizing_anti-hair_loss.webp?v=1764234526,/images/products/lookskart/all/kerastase/kerastase-specifique-stimuliste-spray-125ml-nutri-energizing-anti-hair-loss-1.webp,7833517555920
Kerastase,Kerastase Symbiose Anti-Dandruff Serum-90ml,kerastase,kerastase-symbiose-anti-dandruff-serum-90ml,https://lookskart.com/products/kerastase-symbiose-anti-dandruff-serum-90ml,5100.00,Yes,https://cdn.shopify.com/s/files/1/0624/7618/9904/files/KER_00229-Serum-Cellulaire-main.jpg?v=1701415987,/images/products/lookskart/all/kerastase/kerastase-symbiose-anti-dandruff-serum-90ml.jpg,7891592577232
Kerastase,Kerastase Symbiose Bain Cream Anti-Dandruff Shampoo-250ml,kerastase,kerastase-symbiose-bain-creme-anti-dandruff-shampoo-250ml,https://lookskart.com/products/kerastase-symbiose-bain-creme-anti-dandruff-shampoo-250ml,2625.00,Yes,https://cdn.shopify.com/s/files/1/0624/7618/9904/files/KER_00226_shampoo_packshot_image_250ml_1.webp?v=1764415036,/images/products/lookskart/all/kerastase/kerastase-symbiose-bain-creme-anti-dandruff-shampoo-250ml.webp,7891587956944
Kerastase,Kerastase|Densifique Cure Densite 10*6ml,kerastase,kerastase-densifique-cure-denste-10-6ml,https://lookskart.com/products/kerastase-densifique-cure-denste-10-6ml,5000.00,Yes,https://cdn.shopify.com/s/files/1/0624/7618/9904/files/3474637277789_SK_5.jpg?v=1768483085,/images/products/lookskart/all/kerastase/kerastase-densifique-cure-denste-10-6ml.jpg,8411528560848
L'Oreal Professionnel,Kerastase |Curl| Bain Hydratation Douceur|250ml Gentle hydrating creamy shampoo,kerastase,kerastase-curl-bain-hydratation-douceur-250ml-gentle-hydrating-creamy-shampoo,https://lookskart.com/products/kerastase-curl-bain-hydratation-douceur-250ml-gentle-hydrating-creamy-shampoo,2625.00,Yes,https://cdn.shopify.com/s/files/1/0624/7618/9904/products/looks-images-4_0055_1KCMBA250-00.jpg?v=1672137536,/images/products/lookskart/all/loreal-professionnel/kerastase-curl-bain-hydratation-douceur-250ml-gentle-hydrating-creamy-shampoo.jpg,7833451102416
L'Oreal Professionnel,Kerastase |Curl| Cream De Jour Fondamentale|150ml,kerastase,kerastase-curl-cream-de-jour-fondamentale-150ml,https://lookskart.com/products/kerastase-curl-cream-de-jour-fondamentale-150ml,2800.00,Yes,https://cdn.shopify.com/s/files/1/0624/7618/9904/files/KER_00102_Curl_Manifesto_Cream_texture_new_720x_ecf338aa-bb0e-4e7c-b470-459a25216806.webp?v=1764410195,/images/products/lookskart/all/loreal-professionnel/kerastase-curl-cream-de-jour-fondamentale-150ml.webp,7833453232336
L'Oreal Professionnel,Kerastase |Curl| Masque Beurre Haute Nutrition|200ml Extra-rich nourishing mask,kerastase,kerastase-curl-masque-beurre-haute-nutrition-200ml-extra-rich-nourishing-mask,https://lookskart.com/products/kerastase-curl-masque-beurre-haute-nutrition-200ml-extra-rich-nourishing-mask,3850.00,Yes,https://cdn.shopify.com/s/files/1/0624/7618/9904/products/looks-images-4_0054_2KCMMA200-00.jpg?v=1672139821,/images/products/lookskart/all/loreal-professionnel/kerastase-curl-masque-beurre-haute-nutrition-200ml-extra-rich-nourishing-mask.jpg,7833452085456
L'Oreal Professionnel,Kerastase Chroma Absolu Hair Oil-In-Serum 75ML-Refillable,kerastase,chroma-absolu-hair-oil-in-serum-75ml-refillable,https://lookskart.com/products/chroma-absolu-hair-oil-in-serum-75ml-refillable,5900.00,Yes,https://cdn.shopify.com/s/files/1/0624/7618/9904/files/KER_00323_75ml_Packshot_Image1.webp?v=1744783707,/images/products/lookskart/all/loreal-professionnel/chroma-absolu-hair-oil-in-serum-75ml-refillable.webp,8295301644496
L'Oreal Professionnel,"Kerastase Chroma Bain Respect 500ml Shampoo for Damaged or Damaged and Coloured Hair, Nourishing Hair Bath,",kerastase,kerastase-shampoo-for-damaged-or-damaged-and-coloured-hair-nourishing-hair-bath-bain-riche-chroma-500ml,https://lookskart.com/products/kerastase-shampoo-for-damaged-or-damaged-and-coloured-hair-nourishing-hair-bath-bain-riche-chroma-500ml,4406.00,Yes,https://cdn.shopify.com/s/files/1/0624/7618/9904/files/shop-cb-05204-01-chroma-absolu-bain-riche-chroma-respect---500ml--1.jpg?v=1744786381,/images/products/lookskart/all/loreal-professionnel/kerastase-shampoo-for-damaged-or-damaged-and-coloured-hair-nourishing-hair-bath-bain-riche-chroma-500ml.jpg,8295303479504
L'Oreal Professionnel,Kerastase Elixir Ultime Hair Oil-In-Serum Refill (75ml),kerastase,kerastase-elixir-ultime-hair-oil-in-serum-refill-75ml,https://lookskart.com/products/kerastase-elixir-ultime-hair-oil-in-serum-refill-75ml,4500.00,Yes,https://cdn.shopify.com/s/files/1/0624/7618/9904/files/kerastase-elixir-ultime-lhuile-originale-oil-refill-75-ml.jpg?v=1736759398,/images/products/lookskart/all/loreal-professionnel/kerastase-elixir-ultime-hair-oil-in-serum-refill-75ml.jpg,8243435700432
L'Oreal Professionnel,Kerastase Elixir Ultime Original Refillable Hair Oil 75ml,kerastase,kerastase-elixir-ultime-original-refillable-hair-oil-75ml,https://lookskart.com/products/kerastase-elixir-ultime-original-refillable-hair-oil-75ml,5900.00,Yes,https://cdn.shopify.com/s/files/1/0624/7618/9904/files/ElixirUltime1_b10a2319-a0c3-44a3-aa9e-001ff915988b_refillable.webp?v=1736759328,/images/products/lookskart/all/loreal-professionnel/kerastase-elixir-ultime-original-refillable-hair-oil-75ml.webp,8243433996496
L'Oreal Professionnel,Kerastase Genesis - Bain Hydra-Fortifiant Shampoo 500ml,kerastase,kerastase-genesis-bain-hydra-fortifiant-shampoo-500ml,https://lookskart.com/products/kerastase-genesis-bain-hydra-fortifiant-shampoo-500ml,4950.00,Yes,https://cdn.shopify.com/s/files/1/0624/7618/9904/files/bainhydrafortifiantgenesiskerastase-500ml_reflexions_unisex_salon_700x700_748e8b9b-7bea-43f5-91de-02dc8d82b94b.webp?v=1736760263,/images/products/lookskart/all/loreal-professionnel/kerastase-genesis-bain-hydra-fortifiant-shampoo-500ml.webp,8243736608976
L'Oreal Professionnel,Kerastase Genesis - Bain Hydra-Fortifiant Shampoo Refill 500ml,kerastase,kerastase-genesis-bain-hydra-fortifiant-shampoo-refill-500ml,https://lookskart.com/products/kerastase-genesis-bain-hydra-fortifiant-shampoo-refill-500ml,4500.00,Yes,https://cdn.shopify.com/s/files/1/0624/7618/9904/files/bainhydrafortifiantgenesiskerastase-refill-500ml_reflexions_unisex_salon_720x_5853764d-bfde-4af3-9dfe-c7e9b8c86650.webp?v=1749797283,/images/products/lookskart/all/loreal-professionnel/kerastase-genesis-bain-hydra-fortifiant-shampoo-refill-500ml.webp,8243735953616
L'Oreal Professionnel,Kerastase Gloss Absolu Anti-Frizz Heat Protectant Spray 190ml,kerastase,kerastase-gloss-absolu-anti-frizz-heat-protectant-spray-190ml,https://lookskart.com/products/kerastase-gloss-absolu-anti-frizz-heat-protectant-spray-190ml,3000.00,Yes,https://cdn.shopify.com/s/files/1/0624/7618/9904/files/KER_00330_spray_packshot_image_190ml_1.webp?v=1752052306,/images/products/lookskart/all/loreal-professionnel/kerastase-gloss-absolu-anti-frizz-heat-protectant-spray-190ml.webp,8330831593680
L'Oreal Professionnel,Kerastase Gloss Absolu Glaze Drops Oil-In-Serum 45ml,kerastase,kerastase-gloss-absolu-glaze-drops-oil-in-serum-45ml,https://lookskart.com/products/kerastase-gloss-absolu-glaze-drops-oil-in-serum-45ml,3800.00,Yes,https://cdn.shopify.com/s/files/1/0624/7618/9904/files/KER_00331_oil_packshot_image_45ml_1.webp?v=1752048127,/images/products/lookskart/all/loreal-professionnel/kerastase-gloss-absolu-glaze-drops-oil-in-serum-45ml.webp,8330805838032
L'Oreal Professionnel,L'Oreal Professionnel | Serie Expert | Absolut Repair Lipidium Masque | 250ml,Loreal,loreal-professionnel-serie-expert-absolut-repair-lipidium-masque-250ml,https://lookskart.com/products/loreal-professionnel-serie-expert-absolut-repair-lipidium-masque-250ml,990.00,Yes,https://cdn.shopify.com/s/files/1/0624/7618/9904/products/looks-images-4_0016_pl6.jpg?v=1672141890,/images/products/lookskart/all/loreal-professionnel/loreal-professionnel-serie-expert-absolut-repair-lipidium-masque-250ml.jpg,7832977113296
L'Oreal Professionnel,L'Oreal Professionnel | Serie Expert | Absolut Repair Lipidium Serum | 90ml,Loreal,loreal-professionnel-serie-expert-absolut-repair-lipidium-serum-50ml,https://lookskart.com/products/loreal-professionnel-serie-expert-absolut-repair-lipidium-serum-50ml,1300.00,Yes,https://cdn.shopify.com/s/files/1/0624/7618/9904/products/looks-images-4_0015_pl7.jpg?v=1672142053,/images/products/lookskart/all/loreal-professionnel/loreal-professionnel-serie-expert-absolut-repair-lipidium-serum-50ml.jpg,7832976916688
L'Oreal Professionnel,L'Oreal Professionnel | Serie Expert | Absolut Repair Lipidium Shampoo | 300ml,Loreal,loreal-professionnel-serie-expert-absolut-repair-lipidium-shampoo-300ml,https://lookskart.com/products/loreal-professionnel-serie-expert-absolut-repair-lipidium-shampoo-300ml,703.00,Yes,https://cdn.shopify.com/s/files/1/0624/7618/9904/products/looks-images-4_0017_pl5.jpg?v=1672141875,/images/products/lookskart/all/loreal-professionnel/loreal-professionnel-serie-expert-absolut-repair-lipidium-shampoo-300ml.jpg,7832977342672
L'Oreal Professionnel,L'Oreal Professionnel | Serie Expert | Inforcer Masque | 250ml,Loreal,loreal-professionnel-serie-expert-inforcer-masque-250ml,https://lookskart.com/products/loreal-professionnel-serie-expert-inforcer-masque-250ml,975.00,Yes,https://cdn.shopify.com/s/files/1/0624/7618/9904/products/looks-images-3_0022_inforcermasq-min.jpg?v=1672136415,/images/products/lookskart/all/loreal-professionnel/loreal-professionnel-serie-expert-inforcer-masque-250ml.jpg,7832977440976
L'Oreal Professionnel,L'Oreal Professionnel | Serie Expert | Inforcer Shampoo | 300ml,Loreal,loreal-professionnel-serie-expert-inforcer-shampoo-300ml,https://lookskart.com/products/loreal-professionnel-serie-expert-inforcer-shampoo-300ml,703.00,Yes,https://cdn.shopify.com/s/files/1/0624/7618/9904/products/looks-images-3_0021_inforcershampoo-min.jpg?v=1672136381,/images/products/lookskart/all/loreal-professionnel/loreal-professionnel-serie-expert-inforcer-shampoo-300ml.jpg,7832977572048
L'Oreal Professionnel,L'Oreal Professionnel | Serie Expert | Liss Unlimited Intense Masque | 250ml,Loreal,loreal-professionnel-serie-expert-liss-unlimited-intense-masque-250ml,https://lookskart.com/products/loreal-professionnel-serie-expert-liss-unlimited-intense-masque-250ml,975.00,Yes,https://cdn.shopify.com/s/files/1/0624/7618/9904/products/looks-images-4_0005_pl23.jpg?v=1672142565,/images/products/lookskart/all/loreal-professionnel/loreal-professionnel-serie-expert-liss-unlimited-intense-masque-250ml.jpg,7832978391248
L'Oreal Professionnel,L'Oreal Professionnel | Serie Expert | Liss Unlimited Serum | 125ml,Loreal,loreal-professionnel-serie-expert-liss-unlimited-serum-125ml,https://lookskart.com/products/loreal-professionnel-serie-expert-liss-unlimited-serum-125ml,820.00,Yes,https://cdn.shopify.com/s/files/1/0624/7618/9904/products/looks-images-4_0004_pl24.jpg?v=1672142598,/images/products/lookskart/all/loreal-professionnel/loreal-professionnel-serie-expert-liss-unlimited-serum-125ml.jpg,7832978096336
L'Oreal Professionnel,L'Oreal Professionnel | Serie Expert | Liss Unlimited Shampoo | 300ml,Loreal,loreal-professionnel-serie-expert-liss-unlimited-shampoo-300ml,https://lookskart.com/products/loreal-professionnel-serie-expert-liss-unlimited-shampoo-300ml,703.00,Yes,https://cdn.shopify.com/s/files/1/0624/7618/9904/products/looks-images-4_0006_pl22.jpg?v=1672142503,/images/products/lookskart/all/loreal-professionnel/loreal-professionnel-serie-expert-liss-unlimited-shampoo-300ml.jpg,7832978784464
L'Oreal Professionnel,L'Oreal Professionnel | Serie Expert | Silver Shampoo | 300ml,Loreal,loreal-professionnel-serie-expert-silver-shampoo-300ml,https://lookskart.com/products/loreal-professionnel-serie-expert-silver-shampoo-300ml,790.00,Yes,https://cdn.shopify.com/s/files/1/0624/7618/9904/files/L_OrealParisSerieExpertMagnesiumSilverNeutralisingShampoo300ml.webp?v=1736598710,/images/products/lookskart/all/loreal-professionnel/loreal-professionnel-serie-expert-silver-shampoo-300ml.webp,7831216095440
L'Oreal Professionnel,L'Oreal Professionnel | Serie Expert | Vitamino Color Spectrum Masque for all colored hair.250ml,Loreal,loreal-professionnel-serie-expert-vitamino-color-spectrum-masque-for-all-colored-hair-250ml,https://lookskart.com/products/loreal-professionnel-serie-expert-vitamino-color-spectrum-masque-for-all-colored-hair-250ml,1600.00,Yes,https://cdn.shopify.com/s/files/1/0624/7618/9904/files/vitamino-color-spectrum-mask-slider1.jpg?v=1755853974,/images/products/lookskart/all/loreal-professionnel/loreal-professionnel-serie-expert-vitamino-color-spectrum-masque-for-all-colored-hair-250ml.jpg,8343196926160
L'Oreal Professionnel,L'Oreal Professionnel | Serie Expert | Vitamino Color Spectrum] Shampoo for all colored hair.300ml,Loreal,loreal-professionnel-serie-expert-vitamino-color-spectrum-shampoo-for-all-colored-hair-300ml,https://lookskart.com/products/loreal-professionnel-serie-expert-vitamino-color-spectrum-shampoo-for-all-colored-hair-300ml,1326.00,Yes,https://cdn.shopify.com/s/files/1/0624/7618/9904/files/vitamino-color-spectrum-shampoo-slider1.jpg?v=1755853241,/images/products/lookskart/all/loreal-professionnel/loreal-professionnel-serie-expert-vitamino-color-spectrum-shampoo-for-all-colored-hair-300ml.jpg,8343191126224
L'Oreal Professionnel,L'Oreal Professionnel | Serie Expert | Vitamino Colour Shampoo | 300ml,Loreal,loreal-professionnel-serie-expert-vitamino-colour-shampoo-300ml,https://lookskart.com/products/loreal-professionnel-serie-expert-vitamino-colour-shampoo-300ml,703.00,Yes,https://cdn.shopify.com/s/files/1/0624/7618/9904/products/looks-images-4_0003_pl26.jpg?v=1672142636,/images/products/lookskart/all/loreal-professionnel/loreal-professionnel-serie-expert-vitamino-colour-shampoo-300ml.jpg,7832975638736
L'Oreal Professionnel,L'Oreal Professionnel | Serie Expert | Vitamino Masque | 250ml,Loreal,loreal-professionnel-serie-expert-vitamino-masque-250ml,https://lookskart.com/products/loreal-professionnel-serie-expert-vitamino-masque-250ml,975.00,Yes,https://cdn.shopify.com/s/files/1/0624/7618/9904/products/looks-images-4_0002_pl27.jpg?v=1672142651,/images/products/lookskart/all/loreal-professionnel/loreal-professionnel-serie-expert-vitamino-masque-250ml.jpg,7832976261328
L'Oreal Professionnel,L'oreal Professionnel | Tecni Art | Elnett Hair Spray | 500ml,Loreal,loreal-professionnel-tecni-art-elnett-hair-spray-500ml,https://lookskart.com/products/loreal-professionnel-tecni-art-elnett-hair-spray-500ml,950.00,Yes,https://cdn.shopify.com/s/files/1/0624/7618/9904/products/looks-images-3_0023_elnett-min.jpg?v=1672136483,/images/products/lookskart/all/loreal-professionnel/loreal-professionnel-tecni-art-elnett-hair-spray-500ml.jpg,7832981602512
L'Oreal Professionnel,L'oreal Professionnel | Tecni Art | Fix Max | 200ml,Loreal,loreal-professionnel-tecni-art-fix-max-200ml,https://lookskart.com/products/loreal-professionnel-tecni-art-fix-max-200ml,990.00,Yes,https://cdn.shopify.com/s/files/1/0624/7618/9904/files/tecni-art-fix-max-slider-1.webp?v=1775564770,/images/products/lookskart/all/loreal-professionnel/loreal-professionnel-tecni-art-fix-max-200ml.webp,7832981733584
L'Oreal Professionnel,L'oreal Professionnel | Tecni Art | Flex Liss Control Cream | 150ml,Loreal,loreal-professionnel-tecni-art-flex-liss-control-cream-150ml,https://lookskart.com/products/loreal-professionnel-tecni-art-flex-liss-control-cream-150ml,1000.00,Yes,https://cdn.shopify.com/s/files/1/0624/7618/9904/files/tecni-art-flex-liss-control-slider-1.jpg?v=1759577246,/images/products/lookskart/all/loreal-professionnel/loreal-professionnel-tecni-art-flex-liss-control-cream-150ml.jpg,8379354185936
L'Oreal Professionnel,L'oreal Professionnel | Tecni Art | Flex Pli 190ml,Loreal,loreal-professionnel-tecni-art-flex-pli-190ml,https://lookskart.com/products/loreal-professionnel-tecni-art-flex-pli-190ml,1050.00,No,https://cdn.shopify.com/s/files/1/0624/7618/9904/files/tecni-art-flex-pli-slider-1.jpg?v=1759578204,/images/products/lookskart/all/loreal-professionnel/loreal-professionnel-tecni-art-flex-pli-190ml.jpg,8379354480848
L'Oreal Professionnel,L'oreal Professionnel | Tecni Art | Full Volume Extra | 250ml,Loreal,loreal-professionnel-tecni-art-full-volume-extra-250ml,https://lookskart.com/products/loreal-professionnel-tecni-art-full-volume-extra-250ml,990.00,No,https://cdn.shopify.com/s/files/1/0624/7618/9904/files/tecni-art-volume-extra-full-slider-1_540x_e94401f1-f219-4436-a4ff-b2b2054eb311.webp?v=1751879232,/images/products/lookskart/all/loreal-professionnel/loreal-professionnel-tecni-art-full-volume-extra-250ml.webp,7832981209296
L'Oreal Professionnel,L'oreal Professionnel | Tecni Art Flex Blowdry 150ml,Loreal,loreal-professionnel-tecni-art-flex-blowdry-150ml,https://lookskart.com/products/loreal-professionnel-tecni-art-flex-blowdry-150ml,990.00,Yes,https://cdn.shopify.com/s/files/1/0624/7618/9904/files/tecni-art-flex-blowdry-slider-1.webp?v=1784030854,/images/products/lookskart/all/loreal-professionnel/loreal-professionnel-tecni-art-flex-blowdry-150ml.webp,8470045524176
L'Oreal Professionnel,L'oreal Professionnel | Tecni Art Flex Curl Bounce 200ml,Loreal,loreal-professionnel-tecni-art-flex-curl-bounce-200ml,https://lookskart.com/products/loreal-professionnel-tecni-art-flex-curl-bounce-200ml,990.00,Yes,https://cdn.shopify.com/s/files/1/0624/7618/9904/files/3474637273941_1.jpg?v=1784030339,/images/products/lookskart/all/loreal-professionnel/loreal-professionnel-tecni-art-flex-curl-bounce-200ml.jpg,8470045229264
L'Oreal Professionnel,L'oreal Professionnel | Tecni Art Flex Depolish 100ml,Loreal,loreal-professionnel-tecni-art-flex-depolish-100ml,https://lookskart.com/products/loreal-professionnel-tecni-art-flex-depolish-100ml,1000.00,Yes,https://cdn.shopify.com/s/files/1/0624/7618/9904/files/tecni-art-flex-depolish-slider-1.webp?v=1784031136,/images/products/lookskart/all/loreal-professionnel/loreal-professionnel-tecni-art-flex-depolish-100ml.webp,8470045589712
L'Oreal Professionnel,L'oreal Professionnel | Tecni Art Volume Panace,Loreal,loreal-professionnel-tecni-art-volume-panace,https://lookskart.com/products/loreal-professionnel-tecni-art-volume-panace,1250.00,Yes,https://cdn.shopify.com/s/files/1/0624/7618/9904/files/tecni-art-volume-panache-slider-1.webp?v=1784031565,/images/products/lookskart/all/loreal-professionnel/loreal-professionnel-tecni-art-volume-panace.webp,8470045720784
L'Oreal Professionnel,L'oreal Professionnel | Tecni Art Volume Rootlift Mousse 250ml,Loreal,loreal-professionnel-tecni-art-volume-rootlift-mousse-250ml,https://lookskart.com/products/loreal-professionnel-tecni-art-volume-rootlift-mousse-250ml,1050.00,Yes,https://cdn.shopify.com/s/files/1/0624/7618/9904/files/tecni-art-volume-root-lift-slider-1.jpg?v=1755852247,/images/products/lookskart/all/loreal-professionnel/loreal-professionnel-tecni-art-volume-rootlift-mousse-250ml.jpg,8343186014416
L'Oreal Professionnel,L'oreal Professionnel | Xtenso Care | Masque | 200ml,Loreal,loreal-professionnel-xtenso-care-masque-200ml,https://lookskart.com/products/loreal-professionnel-xtenso-care-masque-200ml,770.00,Yes,https://cdn.shopify.com/s/files/1/0624/7618/9904/products/looks-images-3_0002_xtensomasque-min.jpg?v=1672058243,/images/products/lookskart/all/loreal-professionnel/loreal-professionnel-xtenso-care-masque-200ml.jpg,7833444024528
L'Oreal Professionnel,L'oreal Professionnel | Xtenso Care | Serum | 50ml,Loreal,loreal-professionnel-xtenso-care-serum-50ml,https://lookskart.com/products/loreal-professionnel-xtenso-care-serum-50ml,720.00,Yes,https://cdn.shopify.com/s/files/1/0624/7618/9904/products/looks-images-3_0000_xtenso_serum-min.jpg?v=1672042450,/images/products/lookskart/all/loreal-professionnel/loreal-professionnel-xtenso-care-serum-50ml.jpg,7833445826768
L'Oreal Professionnel,L'oreal Professionnel | Xtenso Care | Shampoo | 250ml,Loreal,loreal-professionnel-xtenso-care-shampoo-250ml,https://lookskart.com/products/loreal-professionnel-xtenso-care-shampoo-250ml,615.00,Yes,https://cdn.shopify.com/s/files/1/0624/7618/9904/products/looks-images-4_0013_pl9.jpg?v=1672142140,/images/products/lookskart/all/loreal-professionnel/loreal-professionnel-xtenso-care-shampoo-250ml.jpg,7833444417744
L'Oreal Professionnel,L'oreal Professionnel | Xtenso Care | Sulphate Free Masque | 200ml,Loreal,loreal-professionnel-xtenso-care-sulphate-free-masque-200ml,https://lookskart.com/products/loreal-professionnel-xtenso-care-sulphate-free-masque-200ml,1220.00,Yes,https://cdn.shopify.com/s/files/1/0624/7618/9904/products/looks-images-3_0001_xtensosulphatemasque-min.jpg?v=1672058312,/images/products/lookskart/all/loreal-professionnel/loreal-professionnel-xtenso-care-sulphate-free-masque-200ml.jpg,7833443958992
L'Oreal Professionnel,L'oreal Professionnel | Xtenso Care | Sulphate Free Shampoo | 250ml,Loreal,loreal-professionnel-xtenso-care-sulphate-free-shampoo-250ml,https://lookskart.com/products/loreal-professionnel-xtenso-care-sulphate-free-shampoo-250ml,980.00,Yes,https://cdn.shopify.com/s/files/1/0624/7618/9904/products/looks-images-4_0012_pl12.jpg?v=1672142158,/images/products/lookskart/all/loreal-professionnel/loreal-professionnel-xtenso-care-sulphate-free-shampoo-250ml.jpg,7833444090064
L'Oreal Professionnel,L'Oreal Professionnel Absolut Repair Molecular Deep Repair Rinse-Off Serum For Very Damaged Hair(250ml),Loreal,loreal-professionnel-absolut-repair-molecular-deep-repair-rinse-off-serum-for-very-damaged-hair250ml,https://lookskart.com/products/loreal-professionnel-absolut-repair-molecular-deep-repair-rinse-off-serum-for-very-damaged-hair250ml,1600.00,Yes,https://cdn.shopify.com/s/files/1/0624/7618/9904/files/absolut_repair_molecular_rinse_off_serum.webp?v=1727332742,/images/products/lookskart/all/loreal-professionnel/loreal-professionnel-absolut-repair-molecular-deep-repair-rinse-off-serum-for-very-damaged-hair250ml.webp,8164967645392
L'Oreal Professionnel,L'Oreal Professionnel Absolut Repair Molecular Sulfate-Free Deep Repair Shampoo-VeryDamagedHair(300ml),loreal,loreal-professionnel-absolut-repair-molecular-sulfate-free-deep-repair-shampoo-verydamagedhair300ml,https://lookskart.com/products/loreal-professionnel-absolut-repair-molecular-sulfate-free-deep-repair-shampoo-verydamagedhair300ml,1246.00,Yes,https://cdn.shopify.com/s/files/1/0624/7618/9904/files/sulfate-free-shampoo-arm.webp?v=1727332125,/images/products/lookskart/all/loreal-professionnel/loreal-professionnel-absolut-repair-molecular-sulfate-free-deep-repair-shampoo-verydamagedhair300ml.webp,8164958306512
L'Oreal Professionnel,"L’Oreal Professionnel Aminexil Advanced Anti-Hair Loss Activator, Leave-In Serum For Hair Loss(90ml)",Loreal,l-oreal-professionnel-aminexil-advanced-anti-hair-loss-activator-leave-in-serum-for-hair-loss90ml,https://lookskart.com/products/l-oreal-professionnel-aminexil-advanced-anti-hair-loss-activator-leave-in-serum-for-hair-loss90ml,3150.00,Yes,https://cdn.shopify.com/s/files/1/0624/7618/9904/files/loreal_professionnel_aminexil.webp?v=1727343071,/images/products/lookskart/all/loreal-professionnel/l-oreal-professionnel-aminexil-advanced-anti-hair-loss-activator-leave-in-serum-for-hair-loss90ml.webp,8165089968336
L'Oreal Professionnel,L’Oreal Professionnel Metal DX Anti-Deposit Protector Hair Mask For Hair Breakage(250ml),Loreal,l-oreal-professionnel-metal-dx-anti-deposit-protector-hair-mask-for-hair-breakage250ml,https://lookskart.com/products/l-oreal-professionnel-metal-dx-anti-deposit-protector-hair-mask-for-hair-breakage250ml,1600.00,Yes,https://cdn.shopify.com/s/files/1/0624/7618/9904/files/1-slider1.jpg?v=1727336985,/images/products/lookskart/all/loreal-professionnel/l-oreal-professionnel-metal-dx-anti-deposit-protector-hair-mask-for-hair-breakage250ml.jpg,8165019680976
L'Oreal Professionnel,L’Oréal Professionnel Metal DX Anti-Metal Cleansing Cream Shampoo 300ml,Loreal,l-oreal-professionnel-serie-expert-metal-dx-anti-metal-cleansing-cream-shampoo-300ml,https://lookskart.com/products/l-oreal-professionnel-serie-expert-metal-dx-anti-metal-cleansing-cream-shampoo-300ml,1246.00,Yes,https://cdn.shopify.com/s/files/1/0624/7618/9904/files/1-slider.jpg?v=1727335570,/images/products/lookskart/all/loreal-professionnel/l-oreal-professionnel-serie-expert-metal-dx-anti-metal-cleansing-cream-shampoo-300ml.jpg,8165015224528
L'Oreal Professionnel,L’Oreal Professionnel Metal DX Concentrated Leave-In Serum For Soft & Shiny Hair(50ml),Loreal,l-oreal-professionnel-metal-dx-concentrated-leave-in-serum-for-soft-shiny-hair50ml,https://lookskart.com/products/l-oreal-professionnel-metal-dx-concentrated-leave-in-serum-for-soft-shiny-hair50ml,1500.00,Yes,https://cdn.shopify.com/s/files/1/0624/7618/9904/files/1-slider_1.jpg?v=1727337359,/images/products/lookskart/all/loreal-professionnel/l-oreal-professionnel-metal-dx-concentrated-leave-in-serum-for-soft-shiny-hair50ml.jpg,8165024137424
L'Oreal Professionnel,L’Oréal Professionnel Scalp Advanced Anti-Dandruff Dermo-Clarifier Shampoo (300 ml) Removes Dandruff,Loreal,l-oreal-professionnel-scalp-advanced-anti-dandruff-dermo-clarifier-shampoo-300-ml-removes-dandruff,https://lookskart.com/products/l-oreal-professionnel-scalp-advanced-anti-dandruff-dermo-clarifier-shampoo-300-ml-removes-dandruff,881.00,Yes,https://cdn.shopify.com/s/files/1/0624/7618/9904/files/51y2kTBplLL._SX522.jpg?v=1727274059,/images/products/lookskart/all/loreal-professionnel/l-oreal-professionnel-scalp-advanced-anti-dandruff-dermo-clarifier-shampoo-300-ml-removes-dandruff.jpg,8164340859088
L'Oreal Professionnel,L’Oréal Professionnel Scalp Advanced Anti-Oiliness 2-In-1 Deep Purifier Clay 250gms,Loreal,l-oreal-professionnel-scalp-advanced-anti-oiliness-2-in-1-deep-purifier-clay-250gms-for-very-oily-scalps-purifies-the-scalp-deeply-with-3-aha-6-clay-for-men-women,https://lookskart.com/products/l-oreal-professionnel-scalp-advanced-anti-oiliness-2-in-1-deep-purifier-clay-250gms-for-very-oily-scalps-purifies-the-scalp-deeply-with-3-aha-6-clay-for-men-women,1075.00,Yes,https://cdn.shopify.com/s/files/1/0624/7618/9904/files/61qYJbBoHeL._SX522.jpg?v=1727275917,/images/products/lookskart/all/loreal-professionnel/l-oreal-professionnel-scalp-advanced-anti-oiliness-2-in-1-deep-purifier-clay-250gms-for-very-oily-scalps-purifies-the-scalp-deeply-with-3-aha-6-clay-for-men-women.jpg,8164362289360
L'Oreal Professionnel,L’Oréal Professionnel Scalp Advanced Anti-Oiliness Dermo-Purifier Shampoo (300 ml) for Oily Scalps,Loreal,l-oreal-professionnel-scalp-advanced-anti-oiliness-dermo-purifier-shampoo-300-ml-for-oily-scalps,https://lookskart.com/products/l-oreal-professionnel-scalp-advanced-anti-oiliness-dermo-purifier-shampoo-300-ml-for-oily-scalps,891.00,Yes,https://cdn.shopify.com/s/files/1/0624/7618/9904/files/L_Oreal_Professionnel_Scalp_Advanced_Anti_Oiliness_Dermo_Purifier_Shampoo_2.webp?v=1727274660,/images/products/lookskart/all/loreal-professionnel/l-oreal-professionnel-scalp-advanced-anti-oiliness-dermo-purifier-shampoo-300-ml-for-oily-scalps.webp,8164350329040
L'Oreal Professionnel,L’Oréal Professionnel Serioxyl Advanced density activator serum | 90ml,Loreal,l-oreal-professionnel-scalp-advanced-serioxyl-advanced-density-activator-serum-90ml-leave-in-serum-for-hair-growth-with-5-stemoxydine-spray-format-for-men-women,https://lookskart.com/products/l-oreal-professionnel-scalp-advanced-serioxyl-advanced-density-activator-serum-90ml-leave-in-serum-for-hair-growth-with-5-stemoxydine-spray-format-for-men-women,3950.00,Yes,https://cdn.shopify.com/s/files/1/0624/7618/9904/files/loreal_professionnel_serioxyl_advanced.webp?v=1727342405,/images/products/lookskart/all/loreal-professionnel/l-oreal-professionnel-scalp-advanced-serioxyl-advanced-density-activator-serum-90ml-leave-in-serum-for-hair-growth-with-5-stemoxydine-spray-format-for-men-women.webp,8165083087056
L'Oreal Professionnel,"L'Oreal Professionnel Serioxyl Advanced Density Activator, Leave-In Serum 30ml",Loreal,loreal-professionnel-serioxyl-advanced-density-activator-leave-in-serum-30ml,https://lookskart.com/products/loreal-professionnel-serioxyl-advanced-density-activator-leave-in-serum-30ml,995.00,Yes,https://cdn.shopify.com/s/files/1/0624/7618/9904/files/51NNwE3odeL._SX522.jpg?v=1757080379,/images/products/lookskart/all/loreal-professionnel/loreal-professionnel-serioxyl-advanced-density-activator-leave-in-serum-30ml.jpg,8347914830032
L'Oreal Professionnel,L'oreal Professionnel Tecni Art Flex Web | 150ml,Loreal,loreal-professionnel-tecni-art-flex-web-150ml,https://lookskart.com/products/loreal-professionnel-tecni-art-flex-web-150ml,990.00,Yes,https://cdn.shopify.com/s/files/1/0624/7618/9904/files/tecni-art-flex-web-slider.jpg?v=1750425638,/images/products/lookskart/all/loreal-professionnel/loreal-professionnel-tecni-art-flex-web-150ml.jpg,8327028211920
L'Oreal Professionnel,L'Oréal Professionnel TecniArt Super Dust Volume & Texture Powder 7g,Loreal,loreal-professionnel-tecniart-super-dust-volume-texture-powder-7g,https://lookskart.com/products/loreal-professionnel-tecniart-super-dust-volume-texture-powder-7g,1200.00,Yes,https://cdn.shopify.com/s/files/1/0624/7618/9904/files/volume-dust.jpg?v=1765198032,/images/products/lookskart/all/loreal-professionnel/loreal-professionnel-tecniart-super-dust-volume-texture-powder-7g.jpg,8401856659664
L'Oreal Professionnel,LOreal Professionnel Absolut Molecular Deep Repairing Leave-In Masque For Damaged Hair (100 ml),Loreal,loreal-professionnel-absolut-molecular-deep-repairing-leave-in-cream-for-damaged-hair-100-ml,https://lookskart.com/products/loreal-professionnel-absolut-molecular-deep-repairing-leave-in-cream-for-damaged-hair-100-ml,2000.00,Yes,https://cdn.shopify.com/s/files/1/0624/7618/9904/files/deep_repairing_leave_in_mask.webp?v=1750320555,/images/products/lookskart/all/loreal-professionnel/loreal-professionnel-absolut-molecular-deep-repairing-leave-in-cream-for-damaged-hair-100-ml.webp,8164972593360
Lea Levett,Lea Levett Botanique Condtioner 350ml,Lea Levett,lea-levett-botanique-condtioner-350ml,https://lookskart.com/products/lea-levett-botanique-condtioner-350ml,3800.00,Yes,https://cdn.shopify.com/s/files/1/0624/7618/9904/files/HOMECARE_CONDITIONER.png?v=1749707615,/images/products/lookskart/all/lea-levett/lea-levett-botanique-condtioner-350ml.png,8165151310032
Lea Levett,Lea Levett Botanique Shampoo 350ml,Lea Levett,lea-levett-botanique-shampoo-300ml,https://lookskart.com/products/lea-levett-botanique-shampoo-300ml,3800.00,Yes,https://cdn.shopify.com/s/files/1/0624/7618/9904/files/HOMECARE_SHAMPOO.png?v=1749707731,/images/products/lookskart/all/lea-levett/lea-levett-botanique-shampoo-300ml.png,8165148328144
Lea Levett,Lea Levett Eternity Serum 50ml,Lea Levett,lea-levett-eternity-serum-50ml,https://lookskart.com/products/lea-levett-eternity-serum-50ml,5000.00,Yes,https://cdn.shopify.com/s/files/1/0624/7618/9904/files/Lea_Levett_Eternity_Serum_50ml.webp?v=1749709676,/images/products/lookskart/all/lea-levett/lea-levett-eternity-serum-50ml.webp,8165155504336
Lea Levett,Lea Levett Recovery Mask 237ml,Lea Levett,lea-levett-recovery-mask,https://lookskart.com/products/lea-levett-recovery-mask,3099.00,Yes,https://cdn.shopify.com/s/files/1/0624/7618/9904/files/LLMask.png?v=1749635926,/images/products/lookskart/all/lea-levett/lea-levett-recovery-mask.png,7831203021008
Lea Levett,Lea Levett Remedy Conditioner 300ml,Lea Levett,lea-levett-remedy-conditioner,https://lookskart.com/products/lea-levett-remedy-conditioner,2800.00,Yes,https://cdn.shopify.com/s/files/1/0624/7618/9904/files/LeaLevettRemedyConditioner300ml.jpg?v=1749710194,/images/products/lookskart/all/lea-levett/lea-levett-remedy-conditioner.jpg,7831202922704
Lea Levett,Lea Levett Remedy Shampoo 300ml,Lea Levett,lea-levett-remedy-shampoo,https://lookskart.com/products/lea-levett-remedy-shampoo,2800.00,Yes,https://cdn.shopify.com/s/files/1/0624/7618/9904/files/Untitled_design_6.png?v=1748945097,/images/products/lookskart/all/lea-levett/lea-levett-remedy-shampoo.png,7831202824400
Let's Shave,Lets Shave After Shave Balm - 100 ml,Lets Shave,lets-shave-after-shave-balm-100-ml,https://lookskart.com/products/lets-shave-after-shave-balm-100-ml,299.00,Yes,https://cdn.shopify.com/s/files/1/0624/7618/9904/products/looks_0073_aftershavebalm.jpg?v=1671436486,/images/products/lookskart/all/lets-shave/lets-shave-after-shave-balm-100-ml.jpg,7838748049616
Let's Shave,"Lets Shave Balls, Groin and Body Trimmer",Lets Shave,lets-shave-balls-groin-and-body-trimmer,https://lookskart.com/products/lets-shave-balls-groin-and-body-trimmer,2999.00,Yes,https://cdn.shopify.com/s/files/1/0624/7618/9904/products/looks_0160_2.jpg?v=1671191351,/images/products/lookskart/all/lets-shave/lets-shave-balls-groin-and-body-trimmer.jpg,7838754504912
Let's Shave,Lets Shave Beard Body & Head (All In One Trimmer),Lets Shave,lets-shave-beard-body-head-all-in-one-trimmer,https://lookskart.com/products/lets-shave-beard-body-head-all-in-one-trimmer,1999.00,Yes,https://cdn.shopify.com/s/files/1/0624/7618/9904/products/looks_0064_beardbodyheadtrimmer.jpg?v=1671433613,/images/products/lookskart/all/lets-shave/lets-shave-beard-body-head-all-in-one-trimmer.jpg,7838753947856
Let's Shave,Lets Shave Beard Brush,Lets Shave,lets-shave-beard-brush,https://lookskart.com/products/lets-shave-beard-brush,599.00,Yes,https://cdn.shopify.com/s/files/1/0624/7618/9904/products/looks_0053_d7GIM5-bsCv-1.jpg?v=1671432261,/images/products/lookskart/all/lets-shave/lets-shave-beard-brush.jpg,7838754996432
Let's Shave,Lets Shave Shave Foam - 200gm,Lets Shave,lets-shave-shave-foam-200gm,https://lookskart.com/products/lets-shave-shave-foam-200gm,299.00,Yes,https://cdn.shopify.com/s/files/1/0624/7618/9904/products/looks_0005_shavefoam.jpg?v=1671192199,/images/products/lookskart/all/lets-shave/lets-shave-shave-foam-200gm.jpg,7838749556944
Let's Shave,Lets Shave Wooden Beard Comb,Lets Shave,lets-shave-wooden-beard-comb,https://lookskart.com/products/lets-shave-wooden-beard-comb,299.00,Yes,https://cdn.shopify.com/s/files/1/0624/7618/9904/products/looks_0085_41yDhpxhS7L._SR600_315_PIWhiteStrip_BottomLeft_0_35_SCLZZZZZZZ_FMpng_BG255_255_255.jpg?v=1671186430,/images/products/lookskart/all/lets-shave/lets-shave-wooden-beard-comb.jpg,7838760698064
Let's Shave,TAILOR'S Beard Oil 100% Natural 30 ml,looks,tailor-s-beard-oil-100-natural-30-ml,https://lookskart.com/products/tailor-s-beard-oil-100-natural-30-ml,2475.00,Yes,https://cdn.shopify.com/s/files/1/0624/7618/9904/files/tailors-beard-oil-natural-30ml.jpg?v=1749559513,/images/products/lookskart/all/lets-shave/tailor-s-beard-oil-100-natural-30-ml.jpg,8325162369232
Let's Shave,TAILOR'S Beard Oil 30 ml,TAILOR'S,tailor-s-beard-oil-30-ml,https://lookskart.com/products/tailor-s-beard-oil-30-ml,1875.00,Yes,https://cdn.shopify.com/s/files/1/0624/7618/9904/files/tailors-beard-oil-bold-sophistication-30ml-445x445.jpg?v=1749559113,/images/products/lookskart/all/lets-shave/tailor-s-beard-oil-30-ml.jpg,8325162303696
Moroccanoil,Moroccanoil | Curl Defining Cream 250ml,MOROCCAN OIL HAIR,moroccanoil-curl-defining-cream-250ml,https://lookskart.com/products/moroccanoil-curl-defining-cream-250ml,3340.00,Yes,https://cdn.shopify.com/s/files/1/0624/7618/9904/products/looks_0040_Moroccanoil_CurlDefiningCream250ML.jpg?v=1671196414,/images/products/lookskart/all/moroccanoil/moroccanoil-curl-defining-cream-250ml.jpg,7832981078224
Moroccanoil,Moroccanoil | Curl Enhancing Conditioner For All Curl Types 250ml,MOROCCAN OIL HAIR,moroccanoil-curl-enhancing-conditioner-for-all-curl-types-250ml,https://lookskart.com/products/moroccanoil-curl-enhancing-conditioner-for-all-curl-types-250ml,2610.00,Yes,https://cdn.shopify.com/s/files/1/0624/7618/9904/products/looks_0039_Moroccanoil_CurlEnhancingConditioner.jpg?v=1671196382,/images/products/lookskart/all/moroccanoil/moroccanoil-curl-enhancing-conditioner-for-all-curl-types-250ml.jpg,7832981405904
Moroccanoil,Moroccanoil | Curl Enhancing Shampoo For All Curl Types 250ml,MOROCCAN OIL HAIR,moroccanoil-curl-enhancing-shampoo-for-all-curl-types-250ml,https://lookskart.com/products/moroccanoil-curl-enhancing-shampoo-for-all-curl-types-250ml,2323.00,Yes,https://cdn.shopify.com/s/files/1/0624/7618/9904/products/looks_0038_Moroccanoil_CurlEnhancingShampoo.jpg?v=1671196355,/images/products/lookskart/all/moroccanoil/moroccanoil-curl-enhancing-shampoo-for-all-curl-types-250ml.jpg,7832981242064
Moroccanoil,Moroccanoil | Dry Texture Spray 205ml For All Hair Types,MOROCCAN OIL HAIR,moroccanoil-dry-texture-spray-205ml-for-all-hair-types,https://lookskart.com/products/moroccanoil-dry-texture-spray-205ml-for-all-hair-types,2610.00,Yes,https://cdn.shopify.com/s/files/1/0624/7618/9904/products/looks_0036_Moroccanoil_DryTextureSpray205ML.jpg?v=1671195522,/images/products/lookskart/all/moroccanoil/moroccanoil-dry-texture-spray-205ml-for-all-hair-types.jpg,7832979931344
Moroccanoil,Moroccanoil | Extra Volume Conditioner For Fine Hair 250ml,MOROCCAN OIL HAIR,moroccanoil-extra-volume-conditioner-for-fine-hair-250ml,https://lookskart.com/products/moroccanoil-extra-volume-conditioner-for-fine-hair-250ml,2610.00,Yes,https://cdn.shopify.com/s/files/1/0624/7618/9904/products/looks-images-2_0012_Moroccanoil_Extra-Volume-Conditioner.jpg?v=1672039403,/images/products/lookskart/all/moroccanoil/moroccanoil-extra-volume-conditioner-for-fine-hair-250ml.jpg,7832975147216
Moroccanoil,Moroccanoil | Extra Volume Shampoo For Fine Hair 250ml,MOROCCAN OIL HAIR,moroccanoil-extra-volume-shampoo-for-fine-hair-250ml,https://lookskart.com/products/moroccanoil-extra-volume-shampoo-for-fine-hair-250ml,2323.00,Yes,https://cdn.shopify.com/s/files/1/0624/7618/9904/products/looks-images-2_0011_Moroccanoil_Extra-Volume-Shampoo.jpg?v=1672039242,/images/products/lookskart/all/moroccanoil/moroccanoil-extra-volume-shampoo-for-fine-hair-250ml.jpg,7832974754000
Moroccanoil,Moroccanoil | Hydrating Conditioner For All Hair Types 250ml,MOROCCAN OIL HAIR,moroccanoil-hydrating-conditioner-for-all-hair-types-250ml,https://lookskart.com/products/moroccanoil-hydrating-conditioner-for-all-hair-types-250ml,2610.00,Yes,https://cdn.shopify.com/s/files/1/0624/7618/9904/products/looks-images-2_0010_Moroccanoil_Hydrating-Conditioner.jpg?v=1672039174,/images/products/lookskart/all/moroccanoil/moroccanoil-hydrating-conditioner-for-all-hair-types-250ml.jpg,7832956764368
Moroccanoil,Moroccanoil | Hydrating Shampoo For All Hair Types 250ml,MOROCCAN OIL HAIR,moroccanoil-hydrating-shampoo-for-all-hair-types-250ml,https://lookskart.com/products/moroccanoil-hydrating-shampoo-for-all-hair-types-250ml,2323.00,Yes,https://cdn.shopify.com/s/files/1/0624/7618/9904/products/looks-images-2_0009_Moroccanoil_Hydrating-Shampoo-For-all-hair-types-250ml.jpg?v=1672038668,/images/products/lookskart/all/moroccanoil/moroccanoil-hydrating-shampoo-for-all-hair-types-250ml.jpg,7831186833616
Moroccanoil,Moroccanoil | Hydrating Styling Cream For All Hair Types 300ml,MOROCCAN OIL HAIR,moroccanoil-hydrating-styling-cream-for-all-hair-types-300ml,https://lookskart.com/products/moroccanoil-hydrating-styling-cream-for-all-hair-types-300ml,3340.00,Yes,https://cdn.shopify.com/s/files/1/0624/7618/9904/products/looks-images-2_0008_Moroccanoil_Hydrating-Styling-Cream.jpg?v=1672038270,/images/products/lookskart/all/moroccanoil/moroccanoil-hydrating-styling-cream-for-all-hair-types-300ml.jpg,7832973410512
Moroccanoil,Moroccanoil | Intense Curl Cream For Wavy To Curly Hair 300ml,MOROCCAN OIL HAIR,moroccanoil-intense-curl-cream-for-wavy-to-curly-hair-300ml,https://lookskart.com/products/moroccanoil-intense-curl-cream-for-wavy-to-curly-hair-300ml,3340.00,Yes,https://cdn.shopify.com/s/files/1/0624/7618/9904/products/looks_0035_Moroccanoil_IntenseCurlCream.jpg?v=1671195389,/images/products/lookskart/all/moroccanoil/moroccanoil-intense-curl-cream-for-wavy-to-curly-hair-300ml.jpg,7832981766352
Moroccanoil,Moroccanoil | Intense Hydrating Mask For Medium To Thick Dry Hair 250ml,MOROCCAN OIL HAIR,moroccanoil-intense-hydrating-mask-for-medium-to-thick-dry-hair-250ml,https://lookskart.com/products/moroccanoil-intense-hydrating-mask-for-medium-to-thick-dry-hair-250ml,3600.00,Yes,https://cdn.shopify.com/s/files/1/0624/7618/9904/products/looks-images-2_0007_Moroccanoil_Intense-Hydrating-Mask-For-medium-to-thick-dry-hair--250ml.jpg?v=1672036864,/images/products/lookskart/all/moroccanoil/moroccanoil-intense-hydrating-mask-for-medium-to-thick-dry-hair-250ml.jpg,7832968659152
Moroccanoil,Moroccanoil | Luminous Hairspray Strong 330ml,MOROCCAN OIL HAIR,moroccanoil-luminous-hairspray-strong-330ml,https://lookskart.com/products/moroccanoil-luminous-hairspray-strong-330ml,2610.00,Yes,https://cdn.shopify.com/s/files/1/0624/7618/9904/products/looks_0032_Moroccanoil_LuminousHairsprayStrong330ML.jpg?v=1671195311,/images/products/lookskart/all/moroccanoil/moroccanoil-luminous-hairspray-strong-330ml.jpg,7832982159568
Moroccanoil,Moroccanoil | Moisture Repair Conditioner|250ml For Weakened And Damaged Hair,MOROCCAN OIL HAIR,moroccanoil-moisture-repair-conditioner-250ml-for-weakened-and-damaged-hair,https://lookskart.com/products/moroccanoil-moisture-repair-conditioner-250ml-for-weakened-and-damaged-hair,2160.00,Yes,https://cdn.shopify.com/s/files/1/0624/7618/9904/products/looks-images-2_0014_Moroccanoil-Moisture-Repair-Shampoo-250ml-For-weakened-and-damaged-hair.jpg?v=1672039570,/images/products/lookskart/all/moroccanoil/moroccanoil-moisture-repair-conditioner-250ml-for-weakened-and-damaged-hair.jpg,7831181295824
Moroccanoil,Moroccanoil | Moisture Repair Shampoo|250ml For Weakened And Damaged Hair,MOROCCAN OIL HAIR,moroccanoil-moisture-repair-shampoo-250ml-for-weakened-and-damaged-hair,https://lookskart.com/products/moroccanoil-moisture-repair-shampoo-250ml-for-weakened-and-damaged-hair,2163.00,Yes,https://cdn.shopify.com/s/files/1/0624/7618/9904/files/Moroccanoil_Moisture_Repair_Shampoo250ml_For_Weakened_And_Damaged_Hair.png?v=1749711030,/images/products/lookskart/all/moroccanoil/moroccanoil-moisture-repair-shampoo-250ml-for-weakened-and-damaged-hair.png,7831181394128
Moroccanoil,Moroccanoil | Moroccanoil Treatment Light|100ml For Fine Or Light-Coloured Hair,MOROCCAN OIL HAIR,moroccanoil-moroccanoil-treatment-light-100ml-for-fine-or-light-coloured-hair,https://lookskart.com/products/moroccanoil-moroccanoil-treatment-light-100ml-for-fine-or-light-coloured-hair,4320.00,Yes,https://cdn.shopify.com/s/files/1/0624/7618/9904/products/51.jpg?v=1672296722,/images/products/lookskart/all/moroccanoil/moroccanoil-moroccanoil-treatment-light-100ml-for-fine-or-light-coloured-hair.jpg,7831186538704
Moroccanoil,Moroccanoil | Moroccanoil Treatment Original|100ml For All Hair Types,MOROCCAN OIL HAIR,moroccanoil-moroccanoil-treatment-original-100ml-for-all-hair-types,https://lookskart.com/products/moroccanoil-moroccanoil-treatment-original-100ml-for-all-hair-types,4320.00,Yes,https://cdn.shopify.com/s/files/1/0624/7618/9904/products/looks-images-2_0006_Moroccanoil_Moroccanoil-Treatment-Original_100ml-For-all-hair-types.jpg?v=1672036585,/images/products/lookskart/all/moroccanoil/moroccanoil-moroccanoil-treatment-original-100ml-for-all-hair-types.jpg,7831186211024
Moroccanoil,Moroccanoil | Restorative Hair Mask|250ml For Weakened And Damaged Hair,MOROCCAN OIL HAIR,moroccanoil-restorative-hair-mask-250ml-for-weakened-and-damaged-hair,https://lookskart.com/products/moroccanoil-restorative-hair-mask-250ml-for-weakened-and-damaged-hair,3870.00,Yes,https://cdn.shopify.com/s/files/1/0624/7618/9904/products/looks-images-2_0013_Moroccanoil-Restorative-Hair-Mask-250ml-For-weakened-and-damaged-hair.jpg?v=1672039471,/images/products/lookskart/all/moroccanoil/moroccanoil-restorative-hair-mask-250ml-for-weakened-and-damaged-hair.jpg,7831185850576
Moroccanoil,Moroccanoil | Root Boost For Fine To Medium Hair 250ml,MOROCCAN OIL HAIR,moroccanoil-root-boost-for-fine-to-medium-hair-250ml,https://lookskart.com/products/moroccanoil-root-boost-for-fine-to-medium-hair-250ml,2610.00,Yes,https://cdn.shopify.com/s/files/1/0624/7618/9904/products/looks-images-2_0005_Moroccanoil_Root-Boost.jpg?v=1672036467,/images/products/lookskart/all/moroccanoil/moroccanoil-root-boost-for-fine-to-medium-hair-250ml.jpg,7832975966416
Moroccanoil,Moroccanoil | Texture Clay 75ml For All Hair Types,MOROCCAN OIL HAIR,moroccanoil-texture-clay-75ml-for-all-hair-types,https://lookskart.com/products/moroccanoil-texture-clay-75ml-for-all-hair-types,3150.00,Yes,https://cdn.shopify.com/s/files/1/0624/7618/9904/products/looks_0060_Moroccanoil_TEXTURECLAY75ML.jpg?v=1671433218,/images/products/lookskart/all/moroccanoil/moroccanoil-texture-clay-75ml-for-all-hair-types.jpg,7832979210448
Moroccanoil,Moroccanoil | Thickening Lotion For Fine To Medium Hair 100ml,MOROCCAN OIL HAIR,moroccanoil-thickening-lotion-for-fine-to-medium-hair-100ml,https://lookskart.com/products/moroccanoil-thickening-lotion-for-fine-to-medium-hair-100ml,3150.00,Yes,https://cdn.shopify.com/s/files/1/0624/7618/9904/products/looks-images-2_0003_Moroccanoil_Thickening-Lotion.jpg?v=1672036380,/images/products/lookskart/all/moroccanoil/moroccanoil-thickening-lotion-for-fine-to-medium-hair-100ml.jpg,7832977080528
Moroccanoil,Moroccanoil | Weightless Hydrating Mask For Fine Dry Hair 250ml,MOROCCAN OIL HAIR,moroccanoil-weightless-hydrating-mask-for-fine-dry-hair-250ml,https://lookskart.com/products/moroccanoil-weightless-hydrating-mask-for-fine-dry-hair-250ml,3780.00,Yes,https://cdn.shopify.com/s/files/1/0624/7618/9904/products/looks-images-2_0001_Moroccanoil_Weightless-Hydrating-Mask-For-fine-dry-hair-250ml.jpg?v=1672036258,/images/products/lookskart/all/moroccanoil/moroccanoil-weightless-hydrating-mask-for-fine-dry-hair-250ml.jpg,7832964038864
pH Plex (Phplex),pH Plex Conditioner 250ml,Looks Kart,ph-plex-conditioner-250ml,https://lookskart.com/products/ph-plex-conditioner-250ml,2950.00,Yes,https://cdn.shopify.com/s/files/1/0624/7618/9904/files/condi-phpleximages_pHPlexConditioner_bottle250ml_d783f9ea-d52f-452f-b4e8-5c7ef58c17a3.webp?v=1763216175,/images/products/lookskart/all/ph-plex/ph-plex-conditioner-250ml.webp,8393177071824
pH Plex (Phplex),pH Plex Shampoo 250ml,Looks Kart,ph-plex-shampoo-250ml,https://lookskart.com/products/ph-plex-shampoo-250ml,2358.00,Yes,https://cdn.shopify.com/s/files/1/0624/7618/9904/files/phpleximages_pHPlexShampoo_bottle250ml_94377e5d-8ee6-41b2-8840-55c9e4f61bd4.webp?v=1763216017,/images/products/lookskart/all/ph-plex/ph-plex-shampoo-250ml.webp,8393177006288
pH Plex (Phplex),pH Plex Step 3 150ml,Looks Kart,ph-plex-step-3-150ml,https://lookskart.com/products/ph-plex-step-3-150ml,3950.00,Yes,https://cdn.shopify.com/s/files/1/0624/7618/9904/files/creamphpleximages_pHPlexStep3_Tube150ml_637df599-819a-4660-8cb4-7eda90cb0171.webp?v=1763216337,/images/products/lookskart/all/ph-plex/ph-plex-step-3-150ml.webp,8393177268432
Root Deep,Root Deep Scalp Shampoo for Hair Fall Reduction 200ML,Root Deep,root-deep-hair-retention-therapy-shampoo,https://lookskart.com/products/root-deep-hair-retention-therapy-shampoo,2300.00,Yes,https://cdn.shopify.com/s/files/1/0624/7618/9904/products/looks_0008_Root-Deep-Shampoo-0.jpg?v=1671192405,/images/products/lookskart/all/root-deep/root-deep-hair-retention-therapy-shampoo.jpg,7838762008784
Schwarzkopf,Schwarzkopf Professional OSiS+ Bounty Balm | 150ml,schwarzkopf,schwarzkopf-professional-osis-bounty-balm-150ml,https://lookskart.com/products/schwarzkopf-professional-osis-bounty-balm-150ml,1550.00,Yes,https://cdn.shopify.com/s/files/1/0624/7618/9904/files/Schwarzkopf_Professional_OSiS_Bounty_Balm_150ml.png?v=1749710333,/images/products/lookskart/all/schwarzkopf/schwarzkopf-professional-osis-bounty-balm-150ml.png,8114401411280
Schwarzkopf,Schwarzkopf Professional OSiS+ Curl Jam - Curl Defining Gel for Hair styling I 300 ml,schwarzkopf,schwarzkopf-professional-osis-curl-jam-curl-defining-gel-for-hair-styling-i-300-ml,https://lookskart.com/products/schwarzkopf-professional-osis-curl-jam-curl-defining-gel-for-hair-styling-i-300-ml,1800.00,Yes,https://cdn.shopify.com/s/files/1/0624/7618/9904/files/Curljam.webp?v=1718084975,/images/products/lookskart/all/schwarzkopf/schwarzkopf-professional-osis-curl-jam-curl-defining-gel-for-hair-styling-i-300-ml.webp,8114404982992
Schwarzkopf,Schwarzkopf Professional OSiS+ Elastic Hold Hairspray | 500ml,schwarzkopf,schwarzkopf-professional-osis-elastic-hold-hairspray-500ml,https://lookskart.com/products/schwarzkopf-professional-osis-elastic-hold-hairspray-500ml,2200.00,Yes,https://cdn.shopify.com/s/files/1/0624/7618/9904/files/elastichold.webp?v=1718085462,/images/products/lookskart/all/schwarzkopf/schwarzkopf-professional-osis-elastic-hold-hairspray-500ml.webp,8114637799632
Schwarzkopf,Schwarzkopf Professional Osis+ Flatliner Heat Protection Spray | 200 ml,schwarzkopf,schwarzkopf-professional-osis-flatliner-heat-protection-spray-200ml,https://lookskart.com/products/schwarzkopf-professional-osis-flatliner-heat-protection-spray-200ml,1450.00,Yes,https://cdn.shopify.com/s/files/1/0624/7618/9904/files/B0CB98FTTQ.MAIN.jpg?v=1712047327,/images/products/lookskart/all/schwarzkopf/schwarzkopf-professional-osis-flatliner-heat-protection-spray-200ml.jpg,7836730032336
Schwarzkopf,Schwarzkopf Professional OSiS+ Flexwax Strong Hair styling Cream Wax | 85 ml,schwarzkopf,schwarzkopf-professional-osis-flexwax-cream-wax-85ml,https://lookskart.com/products/schwarzkopf-professional-osis-flexwax-cream-wax-85ml,1300.00,Yes,https://cdn.shopify.com/s/files/1/0624/7618/9904/files/B0BYBBD47W.MAIN.jpg?v=1712040890,/images/products/lookskart/all/schwarzkopf/schwarzkopf-professional-osis-flexwax-cream-wax-85ml.jpg,7917698908368
Schwarzkopf,Schwarzkopf Professional OSiS+ Glow Anti-Frizz Shine Serum | 50 ml,schwarzkopf,schwarzkopf-professional-osis-glow-anti-frizz-shine-serum-50-ml,https://lookskart.com/products/schwarzkopf-professional-osis-glow-anti-frizz-shine-serum-50-ml,1200.00,Yes,https://cdn.shopify.com/s/files/1/0624/7618/9904/files/glow.webp?v=1718094159,/images/products/lookskart/all/schwarzkopf/schwarzkopf-professional-osis-glow-anti-frizz-shine-serum-50-ml.webp,8114725126352
Schwarzkopf,Schwarzkopf Professional OSiS+ Grip Extra Strong Hair Styling Mousse | 200 ml,schwarzkopf,schwarzkopf-professional-osis-grip-extreme-hold-mousse-200ml,https://lookskart.com/products/schwarzkopf-professional-osis-grip-extreme-hold-mousse-200ml,1450.00,Yes,https://cdn.shopify.com/s/files/1/0624/7618/9904/files/B0BZB65YG2.MAIN.jpg?v=1712048959,/images/products/lookskart/all/schwarzkopf/schwarzkopf-professional-osis-grip-extreme-hold-mousse-200ml.jpg,7836737470672
Schwarzkopf,Schwarzkopf Professional OSiS+ Hair Styling Dust It | 10g,schwarzkopf,schwarzkopf-professional-texture-powder-10gr,https://lookskart.com/products/schwarzkopf-professional-texture-powder-10gr,1000.00,Yes,https://cdn.shopify.com/s/files/1/0624/7618/9904/files/B00B5PFYGO.MAIN.jpg?v=1749637352,/images/products/lookskart/all/schwarzkopf/schwarzkopf-professional-texture-powder-10gr.jpg,7836755755216
Schwarzkopf,Schwarzkopf Professional OSiS+ Mess Up Hair Styling Matte Paste | 100 ml,schwarzkopf,schwarzkopf-professional-osis-mess-up-matte-paste-100ml,https://lookskart.com/products/schwarzkopf-professional-osis-mess-up-matte-paste-100ml,1300.00,Yes,https://cdn.shopify.com/s/files/1/0624/7618/9904/files/B0BYLG74WG.MAIN.jpg?v=1712040259,/images/products/lookskart/all/schwarzkopf/schwarzkopf-professional-osis-mess-up-matte-paste-100ml.jpg,7836696641744
Schwarzkopf,Schwarzkopf Professional OSiS+ Sparkler Hair Styling Shine Spray | 300 ml,schwarzkopf,schwarzkopf-professional-osis-sparkler-shine-spray-300ml,https://lookskart.com/products/schwarzkopf-professional-osis-sparkler-shine-spray-300ml,1450.00,Yes,https://cdn.shopify.com/s/files/1/0624/7618/9904/files/B01DAFX8TQ.MAIN.jpg?v=1712046827,/images/products/lookskart/all/schwarzkopf/schwarzkopf-professional-osis-sparkler-shine-spray-300ml.jpg,7836721578192
Schwarzkopf,Schwarzkopf Professional Osis+ Thrill Fibre Gum | 100ml,Looks Kart,schwarzkopf-professional-osis-thrill-fibre-gum-100ml-1,https://lookskart.com/products/schwarzkopf-professional-osis-thrill-fibre-gum-100ml-1,1300.00,Yes,https://cdn.shopify.com/s/files/1/0624/7618/9904/files/B0BYBBP1J5.PT1_5a522297-45f0-46ce-a571-68585e69226f.jpg?v=1727176183,/images/products/lookskart/all/schwarzkopf/schwarzkopf-professional-osis-thrill-fibre-gum-100ml-1.jpg,8163448193232
Schwarzkopf,Schwarzkopf Professional Osis+ Thrill Fibre Gum 100ml,schwarzkopf,schwarzkopf-professional-osis-thrill-fibre-gum-100ml,https://lookskart.com/products/schwarzkopf-professional-osis-thrill-fibre-gum-100ml,1300.00,Yes,https://cdn.shopify.com/s/files/1/0624/7618/9904/files/B0BYBBP1J5.MAIN.jpg?v=1712038874,/images/products/lookskart/all/schwarzkopf/schwarzkopf-professional-osis-thrill-fibre-gum-100ml.jpg,7835724677328
Schwarzkopf,Schwarzkopf Professional Super Dry Fix Session Label 300ml,schwarzkopf,schwarzkopf-professional-super-dry-fix-session-label-300ml,https://lookskart.com/products/schwarzkopf-professional-super-dry-fix-session-label-300ml,850.00,Yes,https://cdn.shopify.com/s/files/1/0624/7618/9904/files/4045787232233_2.png?v=1765360506,/images/products/lookskart/all/schwarzkopf/schwarzkopf-professional-super-dry-fix-session-label-300ml.png,7836751593680
Schwarzkopf,Schwarzkopf Professional Super Dry Flex Session Label Dry Firm Hold Unisex Hair Spray 300ml,schwarzkopf,schwarzkopf-professional-super-dry-flex-session-label-300ml,https://lookskart.com/products/schwarzkopf-professional-super-dry-flex-session-label-300ml,850.00,Yes,https://cdn.shopify.com/s/files/1/0624/7618/9904/files/1_3bd4c381-65f7-410a-8650-fdc6b0d97e6f.jpg?v=1765360530,/images/products/lookskart/all/schwarzkopf/schwarzkopf-professional-super-dry-flex-session-label-300ml.jpg,7836747956432
TAILOR'S,TAILOR’S Beard Balm 100 ml,TAILOR'S,tailor-s-beard-balm,https://lookskart.com/products/tailor-s-beard-balm,1975.00,Yes,https://cdn.shopify.com/s/files/1/0624/7618/9904/files/tailors-beard-balm-100ml.jpg?v=1749557053,/images/products/lookskart/all/tailors/tailor-s-beard-balm.jpg,8324397072592
TAILOR'S,TAILOR'S Beard Oil 100% Natural 30 ml,looks,tailor-s-beard-oil-100-natural-30-ml,https://lookskart.com/products/tailor-s-beard-oil-100-natural-30-ml,2475.00,Yes,https://cdn.shopify.com/s/files/1/0624/7618/9904/files/tailors-beard-oil-natural-30ml.jpg?v=1749559513,/images/products/lookskart/all/tailors/tailor-s-beard-oil-100-natural-30-ml.jpg,8325162369232
TAILOR'S,TAILOR'S Beard Oil 30 ml,TAILOR'S,tailor-s-beard-oil-30-ml,https://lookskart.com/products/tailor-s-beard-oil-30-ml,1875.00,Yes,https://cdn.shopify.com/s/files/1/0624/7618/9904/files/tailors-beard-oil-bold-sophistication-30ml-445x445.jpg?v=1749559113,/images/products/lookskart/all/tailors/tailor-s-beard-oil-30-ml.jpg,8325162303696
TAILOR'S,TAILOR'S Beard Wash 250 ml,TAILOR'S,tailors-beard-wash,https://lookskart.com/products/tailors-beard-wash,1675.00,Yes,https://cdn.shopify.com/s/files/1/0624/7618/9904/files/tailors-beard-wash-100ml.jpg?v=1749556782,/images/products/lookskart/all/tailors/tailors-beard-wash.jpg,8324396843216
TAILOR'S,TAILOR’S Contouring Shave Gel 150 ml,TAILOR'S,tailor-s-contouring-shave-gel-150-ml,https://lookskart.com/products/tailor-s-contouring-shave-gel-150-ml,1875.00,Yes,https://cdn.shopify.com/s/files/1/0624/7618/9904/files/Tailors-contouring-gel-150ml.jpg?v=1749557503,/images/products/lookskart/all/tailors/tailor-s-contouring-shave-gel-150-ml.jpg,8324810211536
TAILOR'S,TAILOR’S Cream 100 ml,TAILOR'S,tailor-s-cream,https://lookskart.com/products/tailor-s-cream,1975.00,Yes,https://cdn.shopify.com/s/files/1/0624/7618/9904/files/tailors-cream-100ml-445x445.jpg?v=1749556497,/images/products/lookskart/all/tailors/tailor-s-cream.jpg,8324394057936
TAILOR'S,TAILOR’S Gel 100 ml,TAILOR'S,tailor-s-gel,https://lookskart.com/products/tailor-s-gel,1975.00,Yes,https://cdn.shopify.com/s/files/1/0624/7618/9904/files/tailors-gel-100ml.jpg?v=1749820675,/images/products/lookskart/all/tailors/tailor-s-gel.jpg,8324392976592
TAILOR'S,TAILOR’S Pomade 100 ml,TAILOR'S,tailor-s-pomade,https://lookskart.com/products/tailor-s-pomade,1975.00,Yes,https://cdn.shopify.com/s/files/1/0624/7618/9904/files/tailors-pomade-100ml-445x445.jpg?v=1749556503,/images/products/lookskart/all/tailors/tailor-s-pomade.jpg,8324393992400
TAILOR'S,TAILOR’S Post Shave 100 ml,TAILOR'S,tailor-s-post-shave,https://lookskart.com/products/tailor-s-post-shave,1875.00,Yes,https://cdn.shopify.com/s/files/1/0624/7618/9904/files/tailors-post-shave-100ml.jpg?v=1749556836,/images/products/lookskart/all/tailors/tailor-s-post-shave.jpg,8324396908752
TAILOR'S,TAILOR’S Styling Gum 100 ml,TAILOR'S,tailor-s-styling-gum,https://lookskart.com/products/tailor-s-styling-gum,1975.00,Yes,https://cdn.shopify.com/s/files/1/0624/7618/9904/files/tailors-gum-100ml.jpg?v=1749556716,/images/products/lookskart/all/tailors/tailor-s-styling-gum.jpg,8324394189008
TAILOR'S,"TAILOR’S Tea Tree Wash 250, 1000 ml",TAILOR'S,tailor-s-tea-tree-wash,https://lookskart.com/products/tailor-s-tea-tree-wash,4975.00,No,https://cdn.shopify.com/s/files/1/0624/7618/9904/files/tailors-tea-tree-wash-250ml.jpg?v=1749557353,/images/products/lookskart/all/tailors/tailor-s-tea-tree-wash.jpg,8324392517840
TAILOR'S,TAILOR'S Tea Tree Wash 250ml,TAILOR'S,tailors-tea-tree-wash-250ml,https://lookskart.com/products/tailors-tea-tree-wash-250ml,4975.00,No,https://cdn.shopify.com/s/files/1/0624/7618/9904/files/tailors-tea-tree-wash-250ml-445x445.jpg?v=1749556538,/images/products/lookskart/all/tailors/tailors-tea-tree-wash-250ml.jpg,8324392091856
TAILOR'S,TAILOR’S Tonic 250 ml,TAILOR'S,tailor-s-tonic,https://lookskart.com/products/tailor-s-tonic,1975.00,Yes,https://cdn.shopify.com/s/files/1/0624/7618/9904/files/tailors-tonic-250ml.jpg?v=1749556523,/images/products/lookskart/all/tailors/tailor-s-tonic.jpg,8324392911056